Palabra,Frecuencia,Sueldo
$12000,1,14000.0
$14200,1,14200.0
$15000,1,14000.0
000prestaciones,2,37500.0
00zona,1,11000.0
10%seguro,1,14000.0
15189habilidades,1,14000.0
22000conocimiento,1,20000.0
22000horario,1,23000.0
30/03/2025,1,15600.0
30pmsueldo,2,37500.0
375sgmmhappy,1,12000.0
470pago,1,13000.0
5611280641,1,7000.0
@dental,1,16000.0
@hospitalesmac,1,15000.0
abarca,1,8600.0
abastecida,1,15000.0
abastecimientos,1,25000.0
abasto,1,16000.0
abastos,1,50000.0
abierto,5,19500.0
abordar,1,16000.0
abraham,1,9000.0
abraza,3,17944.0
absorciÃģn,3,14019.5
abundancia,1,17000.0
acabados,2,6050.0
acadÃĐmica,8,27366.666666666668
acadÃĐmico,3,9000.0
acadÃĐmicos,2,7000.0
acceso,10,13839.6
accesorios,1,13000.0
accesos,1,18600.0
acciones,8,18942.85714285714
acciÃģn,3,21000.0
aceptaciÃģn,5,11999.75
aceptamos,1,15000.0
aceptan,2,10000.0
aceptar,4,14466.666666666666
acerca,9,12821.714285714286
acidez,1,20000.0
acomodar,1,8600.0
acomodo,2,11682.0
acompaÃąamiento,2,12500.0
acondicionamiento,1,15000.0
acorde,4,23166.666666666668
acreditaciones,3,21600.0
acreditaciÃģn,1,22600.0
acreditado,2,9000.0
actitud,10,15328.285714285714
actitudes,1,15000.0
activa,2,18500.0
activacion,1,8400.0
activaciÃģn,2,8500.0
activamente,1,17000.0
actividades,76,18087.303030303032
activo,3,17944.0
activos,4,15000.0
actualizaciÃģn,10,14644.444444444445
actualizada,2,14500.0
actualizadas,1,16000.0
actualizado,4,14741.0
actualizados,4,20249.75
actualizar,6,15450.0
actualmente,3,15666.666666666666
actuar,1,17000.0
acuario,1,9000.0
acuden,3,11500.0
acudir,6,14100.0
acuerdo,31,13826.6
acuerdos,2,32500.0
acuicultura,2,6050.0
acÃĄmbaro,1,14100.0
adaptabilidad,4,18749.5
adaptaciÃģn,2,30000.0
adaptaciÃģntrabajo,1,20000.0
adaptÃĄndolos,1,7000.0
adecuada,2,19800.0
adecuadamente,1,20000.0
adecuadas,1,13000.0
adecuado,10,14120.0
adelante,5,13375.0
adelanteconocimiento,1,15000.0
adelanto,1,10000.0
ademÃĄs,11,10610.857142857143
adicional,3,12454.666666666666
adicionales,11,13320.375
adicionalescontrataciÃģn,1,8364.0
adicionalesprestaciones,2,12500.0
adicionalessalario,1,11500.0
adicionalessueldo,4,14000.0
adicionaleszona,1,9000.0
adiestramiento,1,12600.0
aditivos,5,12788.0
adjuntar,1,25000.0
administraciÃģn,25,21641.583333333332
administrada,1,14000.0
administrador,2,6050.0
administrar,3,18200.0
administrativa,7,13566.666666666666
administrativas,2,8138.0
administrativasrealizar,1,30000.0
administrativo,2,10000.0
administrativo/a,1,10000.0
administrativos,6,16560.0
adquirida,1,15000.0
adquiridos,1,25000.0
adquirir,1,10000.0
adquisiciones,1,18000.0
adquisiciÃģn,2,20000.0
adriana,1,35000.0
adultos,1,15000.0
adversas,1,32000.0
aerolÃ­neas,1,10000.0
aerosoles,2,12000.0
afectaciones,1,17000.0
afiliaciÃģn,1,10800.0
afines,7,14262.714285714286
afrontar,1,20000.0
agencias,1,10000.0
agenda,2,14250.0
agende,1,9000.0
agentes,2,15000.0
agilidad,1,8400.0
agilizar,1,9200.0
agrobiolÃģgica,2,6050.0
agrobiÃģtica,2,6050.0
agroecolÃģgica,2,6050.0
agroindustrial,4,9775.0
agronomo,1,15000.0
agronomÃ­a,4,14000.0
agropecuaria,2,6050.0
agropecuario,2,6050.0
agroquÃ­mica,1,15000.0
agrÃ­cola,8,9775.0
agrÃģnomo,9,8366.666666666666
agrÃģnomos,1,18000.0
aguamedios,1,11000.0
aguinaldo,36,16242.888888888889
ahorro,37,16930.727272727272
ahorrovales,3,29333.333333333332
aislarlos,1,8600.0
ajustes,2,10250.0
alcaldÃ­a,1,20000.0
alcanzar,1,18600.0
alcoholes,1,20000.0
alcohÃģlico,1,20000.0
aleatorias,1,15000.0
alemÃĄn,2,30000.0
alerta,1,17000.0
alertas,2,12500.0
algebra,1,12000.0
alguien,3,9925.333333333334
alguna,2,12000.0
algunas,1,12600.0
alguno,1,10000.0
algunos,2,9500.0
alianzas,1,15000.0
alimentaciÃģn,1,12600.0
alimentaria,7,24333.333333333332
alimentarias,4,10033.333333333334
alimentarios,1,8364.0
alimenticias,1,23000.0
alimenticio,1,18400.0
alimenticios,2,16500.0
alimenticiosolicita,1,23000.0
alimentos,40,17681.333333333332
alineaciÃģn,1,18000.0
alineÃĄndote,1,14000.0
almacen,1,16300.0
almacenaje,3,15166.666666666666
almacenamiento,23,17416.666666666668
almacenes,4,16375.0
almacenista,1,15000.0
almacÃĐn,19,14661.333333333334
almacÃĐnrealizar,1,15000.0
alrededores,1,18600.0
altamente,1,13000.0
alternativas,4,17700.0
alumnos,1,7000.0
amabilidad,1,8600.0
amable,2,10682.0
ambiental,28,15484.615384615385
ambientales,10,15525.0
ambiente,33,20597.571428571428
amigable,1,22600.0
amplia,4,11050.0
ampliamente,1,12000.0
amplios,1,15000.0
analisis,1,8800.0
analista,28,14206.8125
analizado/,1,10000.0
analizadores,2,14499.5
analizados,1,16000.0
analizar,8,16407.8
analyst,1,28000.0
analÃ­tica,19,15976.272727272728
analÃ­ticas,13,17403.9
analÃ­tico,9,14749.75
analÃ­ticos,25,16011.5
anaquel,2,15000.0
anclaje,1,11500.0
andrew,2,16800.0
anexando,1,23000.0
anexar,2,9000.0
anexos,2,15000.0
animal,4,14000.0
animales,1,12600.0
animamos,1,16000.0
anormal,1,13000.0
antecedentes,1,8400.0
anticipaciÃģn,3,11546.333333333334
antigÃžedad,2,20000.0
antonio,1,20000.0
anualmente,1,25000.0
anualofrecemos,1,20000.0
anÃĄlisis,95,15909.642857142857
anÃĄlisis/dosis,1,10000.0
aparece,1,16370.0
apariencia,3,13133.333333333334
apaseo,2,14100.0
apasiona,1,7000.0
apasionada,2,11500.0
apasionado,7,11000.0
apasionados,3,18999.666666666668
apegado,1,15000.0
apegarse,2,14000.0
apertura,3,15866.666666666666
aplica,1,15000.0
aplicable,10,17824.75
aplicables,22,21465.81818181818
aplicacion,2,11500.0
aplicaciones,5,22666.666666666668
aplicaciÃģn,4,19150.0
aplicaciÃģn/resultado,1,10000.0
aplicado/alimento,1,10000.0
aplicadores,1,35000.0
aplicados,2,11000.0
aplican,1,13000.0
aplicando,1,16000.0
aplicar,10,13866.666666666666
aplicarÃĄ,1,10000.0
aplique,13,12500.0
apliquen,3,12801.0
apostando,1,12000.0
apoyar,10,16583.333333333332
aprender,4,10600.0
aprendizaje,3,19666.666666666668
aprobaciones,1,22600.0
aprobaciÃģn,1,9000.0
aprobadas,1,11000.0
aprobado,2,13000.0
aprovechamiento,2,20300.0
aprovechar,3,15200.0
aproximadamente,1,16800.0
aptitudes,2,21000.0
aptitudesdisponibilidad,2,35000.0
arcgis,1,32000.0
archivo,2,12100.0
archivos,1,10000.0
aritmÃĐtica,1,12000.0
armonioso,1,13000.0
aromateca,1,35000.0
arranque,1,15000.0
arranques,1,10000.0
arroba,1,15600.0
artificiales,1,28000.0
artÃ­culos,1,10000.0
artÃ­stica,1,8400.0
ascenso,6,9962.666666666666
aseguradas,2,12000.0
asegurados,1,16000.0
aseguramiento,14,19333.333333333332
asegurando,22,17736.363636363636
asegurar,38,19477.61111111111
asegurarnos,1,16000.0
asegurarse,3,13999.666666666666
asegurarte,1,16000.0
asegurÃĄndose,1,20000.0
asertiva,2,14500.0
asesor,1,14000.0
asesoramiento,1,18600.0
asesorar,1,32000.0
asesoria,1,23000.0
asesorÃ­a,2,18600.0
asignaciÃģn,2,15600.0
asignada,3,12000.0
asignadas,5,14807.8
asignados,8,16006.5
asignaturas,1,9000.0
asimismo,5,14185.0
asistencia,7,9395.2
asistente,3,10133.333333333334
asistir,2,19300.0
aspectos,1,13000.0
asumir,1,10000.0
asunto,2,16185.0
asuntos,11,28599.8
atencion,2,10000.0
atenciÃģn,50,17144.5
atender,13,17536.4
atenderÃĄs,1,14000.0
atiende,1,16000.0
atizapan,1,15000.0
atractivas,2,12000.0
atractivo,6,14592.5
atÃģmica,3,14019.5
audiovisual,2,18000.0
audiovisuales,1,18000.0
auditar,3,13600.0
auditor,1,20000.0
auditores,1,15000.0
auditoria,1,20000.0
auditorias,9,13642.857142857143
auditorÃ­a,2,12100.0
auditorÃ­as,30,18476.76923076923
aumenta,1,10000.0
aumento,1,17000.0
aumentos,2,15999.0
autocad,1,32999.0
autoclave,1,11000.0
autoclaves,1,15800.0
automatizaciÃģn,11,32999.0
automatizaciÃģn;,1,32999.0
automatizados,15,13978.333333333334
automotrices,1,10000.0
automovil,1,30000.0
automÃģvil,5,11400.0
autoridad,2,25000.0
autoridades,5,17525.0
autorizado,2,26300.0
autorizados,1,20000.0
autorizar,2,24300.0
autÃģnoma,1,7000.0
auxilar,1,14500.0
auxiliar,14,11793.3
auxiliares,2,14499.5
auxilios,2,15000.0
avances,2,13500.0
avanzada,1,28000.0
avanzadas,1,18600.0
avanzado,9,29499.875
avanzadoconocimientos,1,25000.0
avanzadoproactividad,1,18000.0
avanzados,3,13666.666666666666
avanzamos,1,18600.0
avanzar,1,6276.0
avenida,3,12000.0
aventura,1,14200.0
avisar,3,8800.0
avisos,1,25000.0
ayudar,1,8600.0
ayudarÃĄ,2,10000.0
ayuden,2,15000.0
azcapotzalco,1,15000.0
aÃąosdisponibilidad,1,12000.0
aÃąosestudios,1,10000.0
bachillerato,2,6050.0
bacteriologÃ­a,2,29000.0
bacteriolÃģgico,1,13000.0
bacteriÃģlogo,25,12955.75
bagvision,1,15000.0
balance,2,25799.5
balances,1,20000.0
balanzas,6,17013.0
baropodometrÃ­a,1,13000.0
barraza,2,9000.0
barrer,1,13000.0
basada,3,18733.333333333332
basadas,4,16296.0
basados,2,21000.0
basquebol,2,4000.0
basquetbol,1,4000.0
basura,1,13000.0
basÃĄndose,1,20000.0
becario,4,7000.0
becario/a,1,8364.0
beneficio,3,13154.666666666666
beneficios,33,14895.1
benito,1,11000.0
bibliografÃ­as,3,17039.0
bibliogrÃĄfica,1,20000.0
biblioteca,1,10000.0
bienes,1,10000.0
bienestar,7,14683.166666666666
bienvenida,2,24499.5
bioactivos,2,23000.0
biocarga,1,15800.0
bioctivos,1,23000.0
biogÃĐnica,1,9500.0
bioindicadores,1,15800.0
bioingenierÃ­a,1,20000.0
biologo,8,14185.714285714286
biologo;,1,4000.0
biologÃ­a,9,14062.5
biologÃ­aingenierÃ­a,2,12000.0
biolÃģgica,2,35000.0
biolÃģgicas,12,17257.125
biolÃģgico,1,10800.0
biolÃģgico/quÃ­mico,8,14000.0
biolÃģgicos,8,16714.285714285714
biomÃĐdica,2,6050.0
biomÃĐdico,2,6050.0
bioprocesos,2,6050.0
bioquÃ­mica,29,13290.818181818182
bioquÃ­mico,9,13642.375
bioseguridad,4,18500.0
biotecnologÃ­a,3,15000.0
biotecnolÃģgica,2,6050.0
biotecnolÃģgicos,1,20000.0
biotecnÃģlogo,6,13156.5
bitÃĄcora,1,32000.0
bitÃĄcoras,13,14729.6
biÃģloga,2,9000.0
biÃģlogo,108,17172.365853658535
biÃģlogo/a,2,9000.0
biÃģlogo/bioquÃ­mica,1,13000.0
biÃģlogoexperiencia,3,13333.333333333334
biÃģlogos,1,18000.0
bolsas,2,11000.0
bolseadoras,1,11000.0
bombas,1,12000.0
botÃĄnica,1,15000.0
brinda,1,12000.0
brindamos,2,12999.0
brindando,4,17000.0
brindar,12,12945.25
brindarle,5,14185.0
brindarles,3,17944.0
brindarÃĄ,1,13500.0
bromatolÃģgico,1,13000.0
bromatolÃģgicos,1,20000.0
bromatÃģlogo,3,18700.0
brutos,22,22852.923076923078
brutosprestaciones,4,16750.0
brutosvales,1,14000.0
buscamos,24,11888.727272727272
buscando,21,14380.0
busqueda,1,8000.0
bÃĄsica,2,21000.0
bÃĄsicas,2,14300.0
bÃĄsico,6,12550.0
bÃĄsicos,3,11666.666666666666
bÃšsqueda,27,15788.944444444445
cabalmente,1,50000.0
cacheo,1,9198.0
cadena,5,31666.666666666668
caducado,1,15000.0
caducados,1,8600.0
caducar,1,8600.0
caducidad,3,12700.0
calendario,3,13250.0
calentamiento,1,32999.0
calibraciones,1,11500.0
calibraciÃģn,7,20133.333333333332
calibrado,1,18400.0
calibrador,1,11000.0
calidad,204,18202.594594594593
calidad1,1,12000.0
calidad3,1,12000.0
calidadiso,1,23000.0
calidaduso,1,11000.0
calidez,3,12000.0
calificaciÃģn,6,13000.0
calificado,2,13000.0
california,2,23000.0
cambiar,1,11000.0
cambio,12,13637.714285714286
cambios,11,22320.666666666668
camiones,1,10000.0
camionetas,1,9200.0
campana,1,11000.0
campeche,1,11000.0
campus,1,10000.0
cancelaciÃģn,1,14000.0
cancun,3,11500.0
cancÃšn,1,13000.0
candidatas,1,8400.0
candidato,2,14250.0
candidatos,2,12200.0
candidatura,1,6276.0
cantidad,2,11800.0
cantidades,1,8600.0
capaactualizaciÃģn,1,20000.0
capaces,2,12000.0
capacidad,37,15903.64705882353
capacitacion,2,9749.0
capacitaciones,6,15450.0
capacitaciÃģn,39,13882.263157894737
capacitado,2,13500.0
capacitamos,1,14200.0
capacitar,5,13899.5
capacitarte,1,11000.0
capaÂīs,1,14000.0
capital,1,15000.0
capitanes,1,9000.0
captura,6,12650.0
capturar,2,22500.0
caracteriza,1,10000.0
caracterizar,1,18400.0
caracterÃ­stica,2,14500.0
caracterÃ­sticas,5,13160.0
carbÃģn,1,12000.0
cardenas,1,13000.0
cargar,1,35000.0
carmen,2,12000.0
carpio,1,13000.0
carrera,35,19817.647058823528
carreras,8,15129.875
carreteras,1,30000.0
cartas,2,11600.0
cartera,2,24300.0
cartÃģn,1,18000.0
casoofrecemos,1,10000.0
catadocapacidad,1,20000.0
catorcenal,2,10682.0
causadas,1,17000.0
causal,1,9000.0
causas,1,16000.0
cebado,1,11500.0
cedisÂŋquÃĐ,1,20000.0
cedula,20,13477.3
celaya,3,14550.0
celular,3,30000.0
ceniza,1,20000.0
centenario,1,13000.0
center,1,18600.0
centra,1,13000.0
central,1,13000.0
centrifugas,1,32999.0
centro,9,10995.714285714286
centrointeresado,1,23000.0
centros,2,14300.0
cercanas,1,9200.0
cercano,1,16800.0
cercanÃ­a,1,15000.0
cerrado,1,11000.0
cerritos,1,14100.0
certificaciones,3,32000.0
certificaciÃģn,3,16333.333333333334
certificados,11,12073.777777777777
chapeo,1,15000.0
charlas,1,32999.0
chemstation,1,28000.0
chofer,1,13000.0
ciencias,10,17800.0
ciento,1,15600.0
cientÃ­fica,2,13500.0
cientÃ­ficos,1,18000.0
cierre,7,17657.14285714286
cincuenta,1,15600.0
cirujano,3,10000.0
citados,1,16000.0
citolÃģgicas,1,16000.0
ciudad,7,18016.666666666668
ciudades,2,15000.0
clases,11,8860.0
clasificaciÃģn,2,9700.0
claves,2,20000.0
claveÃĄrea,1,30000.0
cliente,39,18839.2
cliente/producto,1,10000.0
climÃĄticas,2,26000.0
clinico,2,11500.0
clÃŽnicas,1,16000.0
clÃŽnicos,1,16000.0
clÃ­nica,57,14290.0
clÃ­nica/,1,13000.0
clÃ­nicaimplementar,1,15000.0
clÃ­nicas,5,13749.75
clÃ­nico,79,16273.625
clÃ­nico/biologÃ­a,8,14000.0
clÃ­nicos,20,13236.9
coacalco,2,6050.0
coaching,1,20000.0
coadyuvar,1,32999.0
coagulaciÃģn,2,21750.0
cobranza,6,24300.0
cofepris,25,19259.8
cofeprisexperiencia,1,20000.0
cofeprismanejos,1,11500.0
cofrepis,1,14200.0
coincida,1,13000.0
colaboraciÃģn,6,12680.0
colaboraciÃģn;,3,17944.0
colaborador,14,14068.166666666666
colaboradores,7,14239.8
colaboradores/as,1,8400.0
colaborar,12,16986.11111111111
colaborativa,1,17000.0
colaborativo,9,11983.0
colegas,1,18600.0
colegios,1,10000.0
collections,1,18600.0
colocando,2,14685.0
colombia,1,13000.0
colona,1,14000.0
colonia,1,9000.0
colores,1,23000.0
colorimetrÃ­a,1,10500.0
colorimÃĐtricas,1,12000.0
combate,1,12000.0
combustible,1,15600.0
combustibles,1,10000.0
comedor,12,14867.375
comedoruniformes,1,15000.0
comercial,4,24750.0
comerciales,2,11600.0
comercializaciÃģn,9,23700.0
comercializadora,2,9000.0
comercialobjetivo,1,30000.0
comercio,2,25000.0
comercioperfil,1,25000.0
comida,7,11000.0
comienza,1,14200.0
comisiÃģn,2,9200.0
comonfort,1,14100.0
comoquimico,1,16000.0
compaÃąÃ­a,7,28333.333333333332
compaÃąÃ­as,1,15000.0
compensaciones,1,12000.0
compensaciÃģn,3,10285.0
competencia,2,16300.0
competencias,13,16870.777777777777
competenciasatenciÃģn,1,17000.0
competente,2,25000.0
competentes,2,14350.0
competitiva,3,17944.0
competitividad,1,44000.0
competitivo,20,16922.416666666668
competitivocomisiones,2,12000.0
competitivos,1,7000.0
complace,1,32999.0
complementarios,9,15000.0
completa,1,16000.0
completen,1,20000.0
completo,23,13369.454545454546
completos,1,11500.0
componentes,2,12500.0
comportamiento,1,18400.0
compra,5,19500.0
compranetexperiencia,1,15000.0
compras,6,19192.8
compras/ventas,1,22000.0
comprender,1,8600.0
comprendida,1,15000.0
comprensiÃģn,1,28000.0
comprobable,11,18450.0
comprobables,1,16000.0
compromete,2,32999.0
comprometida,11,13994.714285714286
comprometidas,1,16000.0
comprometido,6,9375.2
comprometidos,6,13225.0
compromiso,16,16292.307692307691
compromisos,1,25000.0
computaciÃģn,1,9000.0
computo,1,20000.0
comunes,1,9000.0
comunicacionexperiencia,1,23000.0
comunicaciÃģn,28,16818.5625
comunicar,3,28000.0
comunicarlos,1,17000.0
comunicarse,1,10000.0
comunicativa,1,8600.0
comunidad,4,10150.0
concentraciÃģn,1,28000.0
conceptos,1,9000.0
conchello,1,16370.0
concientizaciÃģn,1,18000.0
conciertos,1,10000.0
conciliaciÃģn,1,20000.0
concluida,13,13888.666666666666
concluido,1,15000.0
concluir,1,12500.0
concretar,1,16800.0
concursos,1,10000.0
condensadores,1,32999.0
condiciones,15,19506.8
condiciÃģn,4,13100.0
condimentos,1,44000.0
conducir,3,17666.666666666668
confiabilidad,2,18300.0
confiable,1,20000.0
confiables,3,23479.666666666668
confianza,4,15962.666666666666
confidencialidad,3,22500.0
confirmar,2,22000.0
conflictos,1,16000.0
conformaciÃģn,1,10000.0
conformado,1,18000.0
conformarÃĄn,1,10000.0
conforme,17,20642.25
conformes,1,44000.0
conformidad,1,17000.0
conjunta,1,35000.0
conoce,2,32999.0
conocer,4,16000.0
conocerte,1,9000.0
conocimiento,92,18074.058823529413
conocimientos,68,17538.285714285714
conocimientoslaboratorio,1,30000.0
conocimientosproductos,1,40000.0
conozca,1,14500.0
consecutivos,2,12100.0
conservacion,1,10000.0
conservaciÃģn,9,30650.0
conservaciÃģnubicaciÃģn,1,18000.0
considerado,1,13000.0
consiste,1,15000.0
consisten,1,8600.0
consistencia,1,13000.0
consolidaciÃģn,1,15000.0
consolidada,2,11500.0
consolidado,1,13000.0
constancias,2,6050.0
constante,17,12480.0
constantemente,2,10000.0
construcciÃģn,1,11000.0
construir,1,9000.0
construyendo,1,22600.0
consulmed,1,14200.0
consultas,3,11000.0
consultorÃ­a,1,8364.0
consultorÃ­as,1,15000.0
consumidores,3,20000.0
consumo,6,11840.75
contabilidad,1,15600.0
contactar,1,8364.0
contactarÃĄ,1,13000.0
contacto,5,19600.0
contado,2,12000.0
contaminaciÃģn,4,9500.0
contamos,8,11417.166666666666
contar,15,10866.444444444445
contemplando,1,9000.0
contenido,2,14500.0
contigo,3,16133.333333333334
contingencia,4,14666.0
contingencias,6,28000.0
continua,22,21805.69230769231
continuamente,1,20000.0
continuaproponer,1,17000.0
continuar,1,8364.0
continuas,2,10000.0
continuidad,1,22600.0
contpaq,1,35000.0
contrataciÃģn,15,13392.153846153846
contratando,1,4000.0
contratiempos,1,16000.0
contrato,27,16396.428571428572
contratos,4,28333.333333333332
contribuir,9,14555.2
contribuirÃĄs,1,13539.0
contribuyan,1,18000.0
contribuye,2,12000.0
control,73,16028.73076923077
controla,2,16000.0
controlada,1,25000.0
controladas,1,15800.0
controlado,1,17000.0
controlados,15,20900.0
controladosatender,1,11500.0
controladosnivel,1,20000.0
controlar,6,14299.666666666666
controles,9,18666.666666666668
contÃĄctanos,1,16000.0
convencimiento,1,14000.0
convenios,2,14300.0
conversacional,1,32999.0
conyugal,1,15000.0
conÃģcenos,1,8600.0
coordinaciÃģn,3,18666.666666666668
coordinador,9,21086.0
coordinar,27,23468.153846153848
coordinarse,1,17000.0
cordial,1,13000.0
corporativas,1,18000.0
correcciÃģn,1,13000.0
correcta,14,21514.14285714286
correctamente,3,12533.333333333334
correctas,1,16000.0
correctiva,1,30000.0
correctivas,5,20750.0
correctivos,2,14499.5
correcto,10,13962.5
correlaciÃģn,4,18999.666666666668
correo,5,18666.8
correos,2,13000.0
correspondan,1,14500.0
correspondiente,6,12860.0
correspondientes,6,15160.0
corroborar,1,16000.0
cosmetics,2,6276.0
cosmÃĐtica,2,20500.0
cosmÃĐtico,1,35000.0
cosmÃĐticos,5,28333.333333333332
costeo,1,20000.0
costeros,1,32000.0
costos,2,50000.0
cotejo,1,10000.0
cotizaciones,4,22000.0
cotizaciÃģn,2,35000.0
creaciones,1,35000.0
creaciÃģn,5,13375.0
creadascomunicaciÃģn,1,20000.0
creamos,3,17944.0
creando,1,18600.0
crear/mantener,1,10000.0
crearles,1,14200.0
creativa,4,14000.0
creatividad,1,18000.0
creativo,2,11000.0
crecer,3,11000.0
crecimiento,48,16139.157894736842
credibilidad,1,8400.0
creemos,1,16000.0
criterios,5,11999.75
cromatografista,1,28000.0
cromatografÃ­a,11,18000.0
cromatogrÃĄficos,3,21500.0
cromatÃģgrafo,1,11000.0
crossfit,1,15000.0
crÃĐdito,3,20000.0
crÃĐditos,1,18600.0
crÃ­ticos,3,17466.666666666668
crÃ­ticosactividades,1,14000.0
crÃģnico,1,20000.0
cualificaciones,1,13000.0
cualificados,1,16000.0
cualitativa,1,20000.0
cualquier,16,19090.909090909092
cuando,8,16923.0
cuantitativa,1,20000.0
cuanto,1,10000.0
cuarentenas,1,15000.0
cuarto,1,18600.0
cuauhtÃĐmoc,1,20000.0
cuautitlÃĄn,2,14182.0
cubren,1,9000.0
cubres,1,35000.0
cubreturnos,1,8300.0
cubriendo,1,35000.0
cubrir,2,9182.0
cuenta,1,8364.0
cuentan,1,18600.0
cuentas,3,30000.0
cuente,6,17099.8
cuenten,2,14500.0
cuestion,1,4000.0
cuidado,3,16733.333333333332
cuidados,1,12600.0
cuidadoâ,1,18600.0
cuidar,2,15800.0
culiacÃĄn,1,18600.0
cultivo,3,14400.0
cultivomanejo,1,11000.0
cultivos,3,12190.0
cultura,15,20323.916666666668
cumpla,8,17466.666666666668
cumplan,12,22955.555555555555
cumple,3,10000.0
cumpleaÃąos,3,10285.0
cumples,12,12375.0
cumplido,2,9200.0
cumpliendo,5,15346.333333333334
cumplimiento,76,22317.260869565216
cumplimos,1,16000.0
cumplir,23,18197.0
curricular,1,14200.0
curriculum,1,16800.0
currÃ­culum,1,7000.0
cursando,2,10000.0
cursos,6,24716.333333333332
custodia,1,25000.0
customer,1,18600.0
cÃĄlculos,2,28000.0
cÃĄlida,5,14185.0
cÃĄmaras,2,26000.0
cÃĄnulas,1,8600.0
cÃĐdula,37,16269.857142857143
cÃĐdulaexperiencia,1,20000.0
cÃĐdulaexperiencia1,1,25000.0
cÃĐdulamin,1,15000.0
cÃģmputo,1,32999.0
dashboards,1,32999.0
datacolor,1,10500.0
dayÂīsestabilidad,1,12000.0
deberÃĄs,2,13500.0
debidamente,1,18400.0
debido,7,11350.0
decembrinas,1,8364.0
decisiones,13,19728.285714285714
dedicaciÃģn,2,14000.0
dedicada,5,14599.6
dedicado,1,13000.0
dedicamos,1,32999.0
dedicar,1,6276.0
defectos,1,10000.0
defensa,2,15000.0
deficiencias,1,10000.0
definen,2,16400.0
definiciÃģn,1,22600.0
definidas,1,28000.0
definir,1,18400.0
degenerativas,1,20000.0
delfines,1,12600.0
deltav,1,32999.0
demanda,1,11500.0
demostrada,1,16000.0
demuestran,1,25000.0
densidad,1,11000.0
densitometrÃ­as,1,10000.0
dental,6,20599.666666666668
dentista,1,10000.0
dentro,26,18615.384615384617
departamentales,1,10000.0
departamento,3,22500.0
departamentos,2,16000.0
deporte,1,8400.0
deportiva,1,6276.0
deportivo,2,18200.0
deportivos,4,13333.333333333334
depÃģsito,2,19000.0
depÃģsitos,1,20000.0
derecho,1,18600.0
derechos,1,18600.0
derivadas,1,15000.0
derivados,1,22600.0
dermatologiaÂĄsomos,1,8600.0
derrames,1,13000.0
desabasto,1,17039.0
desafiante,1,14000.0
desafiantes,1,40000.0
desafiarÃĄ,3,17944.0
desafÃ­o,1,13500.0
desarroll,1,10000.0
desarrollamos,1,14200.0
desarrollar,16,23037.46153846154
desarrollarse,2,11000.0
desarrollarte,1,10000.0
desarrollen,1,50000.0
desarrolllo,1,10000.0
desarrollo,60,16715.363636363636
desarrollos,1,20000.0
descansa,2,12000.0
descansar,1,8364.0
descanso,10,13106.5
descansos,1,8400.0
descarga,1,15000.0
descendientes,1,15000.0
descripciÃģnsobre,1,15000.0
descripciÃģnsomos,1,14000.0
descriptiva,1,20000.0
descritas,1,13000.0
descritos,1,15000.0
descuento,7,16314.0
descuentos,23,11864.866666666667
deseable,25,22906.1875
deseables,1,15000.0
deseada,2,15300.0
deseamos,1,16000.0
deseas,1,8364.0
desecho,1,8600.0
desempeÃąar,1,18000.0
desempeÃąo,9,17199.714285714286
designaciÃģn,1,25000.0
designadas,2,21500.0
desinfecciÃģn,1,15000.0
desionizada,1,11000.0
desmineralizada,1,11000.0
desornitaciÃģn,1,11500.0
despacho,2,16750.0
despejar,1,35000.0
despensa,54,16920.0
despensaayuda,1,11000.0
despensacomedor,1,13000.0
despensaprima,2,37500.0
despensauniformehorario,1,11000.0
despido,1,9000.0
desplazarse,1,13000.0
despuÃĐs,2,9200.0
destacada,1,18998.0
destacamos,2,13250.0
destacan,1,18000.0
destinada,1,13500.0
destino,2,30000.0
destreza,1,18000.0
destruccion,1,13000.0
desviaciones,8,17977.2
desviaciÃģn,1,16000.0
desÃĐrticos,1,32000.0
detallado,2,10000.0
detalle,8,17799.6
detecciÃģn,4,17121.333333333332
detecta,1,16000.0
detectados,1,13000.0
detectando,1,16000.0
detectar,5,19400.0
detergentes,1,22000.0
determinar,2,11000.0
devoluciones,1,16000.0
diabetes,1,12000.0
diagnostica/,8,14000.0
diagnosticando,1,13000.0
diagnÃģstica,1,14000.0
diagnÃģstico,5,22120.0
diaria,5,17549.75
diariamente,4,17300.0
diarias,3,9491.333333333334
diario,2,14300.0
diarios,1,17000.0
dictaminar,3,12333.333333333334
dietas,1,12600.0
diferencia,1,18600.0
diferencias,1,16000.0
diferente,1,16800.0
diferentes,15,16690.0
difusiÃģn,1,18000.0
difÃ­ciles,1,13000.0
digitales,1,17000.0
digitalizaciÃģn,1,10000.0
dignidad,1,18600.0
diluciones,2,13000.0
dimensional,1,17039.0
dinamismo,1,8400.0
dinamismoÂŋquÃĐ,1,18000.0
dinamizaciones,1,13000.0
dinÃĄmica,4,14000.0
dinÃĄmico,9,10652.888888888889
diplomado,2,28000.0
diplomados,1,50000.0
direccion,1,10000.0
direcciones,1,30000.0
direcciÃģn,4,27456.666666666668
directa,14,15259.818181818182
directamente,5,10138.0
directas,2,21888.0
directo,4,18140.5
director,1,30000.0
directos,9,14009.75
dirigir,3,36333.333333333336
discapacidad,3,15500.0
discapacidades,2,12200.0
disciplina,4,10121.333333333334
discreciÃģn,2,13000.0
discriminaciÃģn,4,15500.0
discriminamos,1,8400.0
diseÃąo,8,15750.0
disfrutar,2,15800.0
disminuir,2,28800.0
disoluciones,4,9500.0
disoluto,1,17039.0
disolutor,2,15500.0
dispensaciÃģn,3,11682.0
disponibildiad,1,17000.0
disponibilidad,70,15571.962962962964
disponible,2,15500.0
disponibles,4,9200.0
disposiciones,2,14500.0
disposiciÃģn,5,12500.0
dispositivos,12,15977.6
dispuestas,1,10000.0
dispuesto,2,11400.0
distingue,2,18799.0
distinguimos,2,11000.0
distintos,1,18600.0
distribuciÃģn,33,19299.85714285714
distribuciÃģnasegurar,1,17000.0
distribuicion,1,15000.0
distribuidas,1,30000.0
distribuidora,2,16749.0
distribuir,1,35000.0
diurno,2,13000.0
diversas,7,12050.0
diversidad,6,16222.0
diverso,1,14200.0
diversos,6,14366.666666666666
divertido,1,8400.0
divisas,1,10000.0
divisiÃģn,1,16000.0
divulgaciÃģn,2,18000.0
diÃĄlogo,1,25000.0
doblado,1,14100.0
docente,10,6775.0
docentes,1,8000.0
doctorado,1,15000.0
documentaciÃģn,30,14359.736842105263
documentaciÃģnresponsabilidades,1,11000.0
documentaciÃģntiempos,1,15000.0
documentada,2,12000.0
documental,7,17250.0
documentalbuenas,1,11000.0
documentales,1,17000.0
documentalexperiencia,1,14000.0
documentar,4,17750.0
documento,1,9200.0
documentos,34,15710.0
documentosemitir,1,17000.0
dolores,1,14100.0
domiciliarias,1,18600.0
domicilio,4,14600.0
domicilios,2,18600.0
domingo,9,10644.0
domingos,1,13000.0
dominio,19,17624.545454545456
domÃĐsticos,1,12000.0
dopaje,1,28000.0
dossier,2,10000.0
drogas,4,23499.0
duradero,1,32999.0
durante,10,18425.0
dÃ­ahorario,1,13000.0
dÃ­asbono,1,15000.0
dÃ­avales,1,12000.0
ecatepec,1,13000.0
ecoguardas,1,9000.0
ecologÃ­a,1,18000.0
econÃģmica,3,13133.333333333334
econÃģmicas,1,17000.0
econÃģmico,2,24300.0
ecosistemas,2,25000.0
edades,1,4000.0
ediciÃģn,2,18000.0
edomex,2,16500.0
educaciÃģn,18,9928.57142857143
educaciÃģning,1,25000.0
educativa,2,6000.0
educativo/a,1,8400.0
efectiva,12,15499.75
efectivas,1,16800.0
efectividad,1,18000.0
efectivo,3,9000.0
efectuar,1,20000.0
eficacia,2,32500.0
eficaz,2,16500.0
eficazmente,1,10000.0
eficiencia,13,22001.125
eficiente,11,15785.714285714286
egresado,4,13300.0
egresados,3,13166.666666666666
ejecuciÃģn,11,21999.9
ejecutar,15,21688.777777777777
ejecutarlas,1,15000.0
ejecutivo,2,20800.0
ejecutivos,2,13000.0
ejemplo,2,10500.0
ejercicio,1,7000.0
ejercicios,1,13000.0
elabora,1,15800.0
elaboraciÃģn,31,15978.57142857143
elaborar,20,17514.5
elecciÃģn,1,14200.0
electricidad,1,32999.0
electrocardiogramas,1,9570.0
electrÃģnica,3,20999.5
electrÃģnico,3,16390.0
electrÃģnicos,2,13100.0
elegir,2,14150.0
elektra,1,10000.0
eliminar,1,20000.0
elÃĐctrica,2,32999.0
embarazo,10,10682.285714285714
embotellado,1,11000.0
emergencia,2,11300.0
emisiÃģn,5,19050.0
emitidos,1,14000.0
emitir,3,16013.0
emocionante,2,9888.0
emociones,1,8400.0
empaque,1,18000.0
empatÃ­a,1,13000.0
empleado,1,17039.0
empleados,7,15519.6
empleando,1,11000.0
empleo,11,11486.222222222223
empleos,2,28000.0
emprendedora,2,11000.0
empresaauditorias,1,11500.0
empresaempresa,1,10000.0
empresaexperiencia,1,20000.0
empresafuminova,1,13000.0
empresarial,2,8800.0
empresas,5,15760.0
empresasomos,2,11250.0
empresatiempo,1,10000.0
empresatorre,1,8364.0
empresaubicaciÃģn,1,15000.0
empÃĄtico,1,12600.0
encargado,4,13150.0
encargarÃĄs,6,14100.0
encargue,1,8364.0
encendido,1,16000.0
encontramos,13,14948.222222222223
encontrarÃĄs,6,17944.0
encuentra,8,11481.42857142857
encuentran,2,19000.0
encuentras,2,14900.0
encuentre,3,11621.333333333334
encuentren,2,9085.0
energÃ­a,1,20000.0
enfermedades,4,18500.0
enfermera,2,9000.0
enfermerÃ­a,6,10233.5
enfermerÃ­arevisar,1,15000.0
enfocada,3,12682.0
enfocadas,2,12000.0
enfocados,1,14200.0
enfoque,18,14944.916666666666
enfriadorprestaciones,1,11500.0
enfriamiento,1,32999.0
engagement,1,18600.0
enlace,1,8600.0
enlaces,1,9000.0
enorgullece,1,20000.0
enriquecedor,1,18998.0
enriquecen,1,16000.0
enriquecimiento,1,12600.0
enseres,1,18998.0
enseÃąanza,4,6366.666666666667
entendimiento,1,10000.0
entidades,2,15000.0
entonces,1,13000.0
entorno,5,12750.0
entrada,1,8600.0
entradas,1,11000.0
entrega,8,21623.428571428572
entregando,1,16000.0
entregar,9,16072.8
entregas,2,15600.0
entregue,1,16000.0
entrenador,2,4000.0
entrenamiento,3,12000.0
entretenimiento,1,10000.0
entrevista,1,16800.0
entrevistas,1,32999.0
entusiasma,1,9000.0
entusiasmo,1,15000.0
entusiastas,2,12000.0
envasar,1,13000.0
envase,1,10000.0
enviando,1,16000.0
enviar,9,13271.25
envÃ­anos,2,14200.0
equidad,2,15500.0
equilibrio,5,13000.0
equipada,4,14000.0
equipo,136,18979.125
equipos,52,19153.18181818182
equivalente,1,20000.0
errores,3,14000.0
esbelta,1,50000.0
escandÃģn,1,12500.0
escaneado,1,10000.0
escanear,1,10000.0
escolaridad,68,15028.411764705883
escolaridades,2,14499.5
escrita,2,10800.0
escritas,1,32999.0
escrito,2,9599.0
escritura,1,20000.0
escuchada,1,16000.0
escuchar,1,13000.0
escuela,2,16800.0
escuelas,1,10000.0
esencial,2,18050.0
esenciales,3,16800.0
esforzamos,1,18998.0
espaÃąol,1,28000.0
especial,1,30000.0
especialidad,2,11700.0
especialidades,2,13000.0
especialidadresponsabilidades,1,15000.0
especialista,4,15000.0
especialistas,4,17591.0
especializaciÃģn,3,22000.0
especializadas,2,15800.0
especializado,2,25300.0
especializados,4,20333.333333333332
especializamos,4,13333.333333333334
especialmente,1,10000.0
especies,11,20866.666666666668
especificaciones,12,15942.714285714286
especificado,1,13000.0
especotrofotometrÃ­a,1,20000.0
espectrofotÃģmetro,5,13375.0
espectrometrÃ­a,3,28000.0
espectros,1,28000.0
especÃ­ficamente,1,18400.0
especÃ­ficas,9,25700.0
especÃ­ficos,1,11000.0
esperamos,1,18600.0
espÃ­ritu,1,40000.0
esquema,2,20000.0
estabilidad,17,17920.0
estabilidades,2,15000.0
establecer,6,27100.0
establecidas,11,19988.88888888889
establecido,4,15499.75
establecidos,24,18358.333333333332
estableciendo,1,39000.0
establecimientos,2,17050.0
establecimientosÂĄÂĄÂĄÂĄÂĄÂĄÂĄsÃĐ,1,6000.0
establezcamos,1,15000.0
establezcan,1,50000.0
estacion,1,8400.0
estacionamiento,5,13150.0
estado,15,16077.777777777777
estados,4,15296.0
estadÃ­stica,2,18000.0
estadÃ­sticas,1,28000.0
estadÃ­stico,6,18900.0
estadÃ­sticos,2,27799.5
estamos,33,15444.190476190477
estandarizados,3,17944.0
estanque,1,12600.0
estarÃĄ,2,15500.0
estatal,2,36000.0
estatus,1,10000.0
esterilidad,5,15400.0
estimulando,1,7000.0
estipulados,2,10500.0
estrategia,2,36300.0
estrategias,5,11319.0
estratÃĐgica,3,27500.0
estratÃĐgicascumplimiento,1,30000.0
estratÃĐgico,1,30000.0
estratÃĐgicos,2,28500.0
estrecha,1,16000.0
estrictamente,1,15000.0
estudiando,1,8364.0
estudiante,3,8138.0
estudiantes,9,9420.0
estudio,10,13421.25
estudios,39,12895.875
estÃĄndar,8,21679.8
estÃĄndares,16,17857.14285714286
etapas,5,13666.666666666666
etiquetado,8,14797.6
etiquetar,1,13000.0
etiquetas,1,11500.0
evaluaciones,3,15333.333333333334
evaluaciÃģn,11,16625.0
evaluadas,1,28000.0
evaluado,1,28000.0
evaluando,1,11000.0
evaluar,3,17000.0
eventos,4,14185.0
eventualidad,1,20000.0
evidencia,3,14200.0
evidencias,1,10000.0
evidencie,3,15900.0
evitando,1,18600.0
evitar,5,20407.8
exacta,2,21300.0
exactitud,2,10000.0
examen,1,10000.0
excelencia,17,17704.727272727272
excelente,10,14895.5
excell,1,8400.0
excepcional,1,15000.0
excepcionales,1,7000.0
exceptuando,6,14100.0
exhibiciÃģn,1,8600.0
exhibidores,1,18000.0
exigencias,1,50000.0
existan,1,11000.0
existencias,1,11500.0
existentes,3,10000.0
expansiÃģn,3,15000.0
expectativas,2,13600.0
expediente,1,14200.0
expedientes,7,13066.666666666666
experienciacontar,1,15000.0
experienciaformaciÃģn,2,35000.0
experienciaprestaciones,1,14000.0
experienciazona,1,23000.0
experimentos,1,20000.0
exportaciones,1,24000.0
exportaciÃģn,2,25000.0
expresiÃģn,1,16000.0
extendido,1,13539.0
extendidos,4,14000.0
extensiÃģn,1,20000.0
exterior,3,24500.0
externa,2,18600.0
externas,17,18499.81818181818
externascosteo,1,20000.0
externassupervisiÃģn,1,11500.0
externo,3,18666.666666666668
externos,5,13720.0
extracciÃģn,2,20250.0
extracto,1,20000.0
extractos,1,13000.0
extrajudicial,1,18600.0
extras,4,14000.0
extrusiÃģn,1,11000.0
exÃĄmenes,3,15500.0
fabricaciÃģn,21,23000.0
fabricados,1,11000.0
fabricante,2,11500.0
facilidad,9,13657.142857142857
facilidades,1,20000.0
facilitador,1,12000.0
facilitar,1,6276.0
faciliten,2,12000.0
factores,1,8600.0
facturaciÃģn,12,27457.14285714286
facturar,1,13500.0
facturas,4,12100.0
facultativo,2,10000.0
fallas,2,17200.0
faltantes,2,33000.0
faltas,1,9000.0
familia,14,13838.625
familiar,2,13500.0
familiares,10,12887.8
familiaridad,1,15000.0
farmaceutica,5,15500.0
farmaceutico,4,15550.0
farmacia,28,13606.4
farmacia/,1,8600.0
farmacias,15,14167.5
farmaco,4,12325.0
farmacobiologo,1,16370.0
farmacobiolÃģgico,1,13539.0
farmacobiotecnÃģlogo,1,17039.0
farmacobiÃģlogo,11,12567.375
farmacologÃ­a,2,10000.0
farmacopea,4,15296.0
farmacopeas,6,14673.166666666666
farmacovigilancia,8,11121.333333333334
farmacÃĐutica,39,17485.666666666668
farmacÃĐuticas,3,11500.0
farmacÃĐutico,111,16713.805555555555
farmacÃĐuticos,18,13000.0
farmacÃģlogo,1,30000.0
farmoquÃ­mica,1,32999.0
faunas,1,15000.0
fechas,2,14750.0
federal,1,40000.0
feestÃĄ,1,10000.0
femenino,1,15600.0
festivos,2,10899.0
fhoeum,1,13000.0
fichas,2,10500.0
fijado,1,11000.0
filiaciÃģn,1,8400.0
filiales,1,35000.0
filosofÃ­a,1,22600.0
filtros,2,12300.0
finales,2,14900.0
finalesgestionar,1,20000.0
finalidad,1,16000.0
financiera,2,18600.0
financieras,1,18600.0
financiero,1,18600.0
financieros,1,10000.0
finanzas,2,40000.0
firmadas,1,9000.0
firmemente,1,13000.0
fischer,1,20000.0
fisica,1,8400.0
fisicoquimicos,1,17039.0
fisicoquÃ­micos,14,13600.375
fisicoquÃ­micoscontrol,1,11000.0
fisiotepeuta,1,13000.0
fisioterapia,3,14900.0
fitosanitaria,1,15000.0
fitosanitarias,1,15000.0
fitotecnia,6,6050.0
fitotecnista,4,6050.0
flebotomista,1,10000.0
flebotomÃ­a,11,13100.0
flexibilidad,1,8400.0
flexible,4,14000.0
flexibles,2,7800.0
flexografÃ­a,1,11000.0
foliado,2,12100.0
fomenta,2,16999.0
fomentando,2,15000.0
fomentar,3,27000.0
fonacot,11,20466.666666666668
forense,1,28000.0
forenses,2,28000.0
forestal,6,9033.333333333334
forestales,2,15000.0
forjemos,1,32999.0
formaciÃģn,13,19059.8
formar,22,13603.333333333334
formato,3,24000.0
formatos,13,16300.0
formen,5,15933.333333333334
formulaciones,2,21500.0
formulacionesllevar,1,20000.0
formulaciÃģn,2,15000.0
formular,1,8364.0
formulas,2,16500.0
fortalecer,3,25000.0
fortaleciendo,1,44000.0
fortalezas,3,17944.0
forzoso,1,9000.0
forÃĄneas,1,16000.0
fotografÃ­a,3,13500.0
fracciÃģn,2,12000.0
francisco,1,14100.0
frascos,1,16000.0
frente,1,16800.0
frustraciÃģn,7,17680.0
fscc2200,1,13000.0
fuentes,1,10000.0
fuerte,1,22600.0
fuertes,2,13000.0
fuerzas,1,50000.0
fuller,2,6276.0
fumigaciones,1,13000.0
fumigacionesllevar,1,11500.0
funcional,1,15000.0
funcionamiento,8,16262.5
funciones,33,20712.91304347826
fundada,1,18000.0
fundamentada,1,13000.0
fundamental,3,8138.0
fundamentales,1,10000.0
fundamentos,1,10800.0
fungir,1,8600.0
furfural,1,20000.0
futuro,1,32999.0
fÃĄrmaco,14,18795.5
fÃ­sica,23,12088.888888888889
fÃ­sicamente,1,13000.0
fÃ­sicas,2,11099.0
fÃ­sico,3,13500.0
fÃ­sicos,1,17000.0
fÃģrmulas,3,22666.666666666668
garantizando,9,20799.714285714286
garantizar,48,22125.0
gasolina,1,15000.0
gasometrÃ­as,1,10000.0
gastos,19,18241.714285714286
gavito,1,18400.0
genera,3,17944.0
generaciÃģn,8,10875.0
generada,1,16000.0
general,18,19658.333333333332
generales,12,18116.666666666668
generar,10,27074.875
genÃĐticas,1,8400.0
geogrÃĄfica,2,11500.0
gerencia,1,8600.0
gerencias,1,30000.0
gerente,6,33250.0
gerente/coordinador,1,30000.0
gerentes;,1,18600.0
geriÃĄtricos,2,13000.0
gestion,3,19944.0
gestionar,14,20376.090909090908
gestiÃģn,80,17462.36
gimnasios,2,12500.0
ginecolÃģgicas,1,9570.0
global,4,19266.333333333332
globales,1,50000.0
gobierno,6,29777.6
gracias,3,12500.0
gramÃĄtica,1,28000.0
grande,4,16662.666666666668
grandes,2,25000.0
granel,4,11333.333333333334
gratificante,1,13000.0
gratuito,6,11632.8
gratuitos,6,13172.833333333334
grupales,1,8400.0
grupos,5,9325.0
grÃĄficas,2,28000.0
grÃĄfico,2,18000.0
grÃĄficos,1,9000.0
gtrimex,1,18400.0
guadalajara,6,17366.666666666668
guanajuato,6,14100.0
guarda,1,25000.0
guarderÃ­as,3,10500.0
guardia,2,12099.0
guardias,2,8364.0
gubernamentales,2,15000.0
gustarÃ­a,1,10000.0
gustavo,2,24500.0
gympass,1,18600.0
gÃĐnero,8,13100.0
habilidad,7,17016.666666666668
habilidades,52,15080.192307692309
hacemos,3,18600.0
haciendo,1,11000.0
haciÃĐndolo,1,16000.0
hallazgos,2,22500.0
harina,4,18400.0
harinas,1,18400.0
hematologÃ­a,21,16267.0
hermosillo,1,13000.0
herramienta,3,11500.0
herramientas,12,20222.0
hibrido,2,10000.0
hidalgo,2,22050.0
hidalgodisponibilidad,1,30000.0
hidalgotelÃĐfono,1,30000.0
hidalgoÂŋquÃĐ,1,30000.0
hidroniologÃ­a,2,6050.0
higiene,10,27371.285714285714
higienemanejo,1,15000.0
higiÃĐnico,1,20000.0
historia,2,15000.0
histÃģricos,1,17000.0
homeopÃĄtica,2,13000.0
honestas,2,12000.0
honestidad,2,16100.0
honorarios,1,16800.0
horaria,2,6050.0
horario,80,17553.58064516129
horarios,7,8880.0
hospital,8,12972.4
hospitalaria,1,8364.0
hospitales,2,15000.0
hplcÂīs,1,17039.0
hrsprestaciones,1,9000.0
huixquilucan,1,30000.0
humana,4,11919.0
humanidad,1,15000.0
humano,4,18666.666666666668
humanos,1,8364.0
humedad,3,16166.0
hÃĄbitats,2,15300.0
hÃ­brido,1,10000.0
ideaciÃģn,1,20000.0
identidad,2,12200.0
identificaciÃģn,4,18750.0
identificando,3,11800.0
identificar,5,24400.0
ideolÃģgicas,1,15000.0
idioma,7,13342.857142857143
idiomas,2,21499.5
igualaciones,1,10500.0
igualaciÃģn,2,10250.0
igualdad,6,14200.0
imagendiseÃąar,1,18000.0
impacto,2,24999.5
impactos,1,32000.0
imparticiÃģn,1,9000.0
impartimos,2,16800.0
impartir,7,9550.0
impecable,1,8400.0
implant,1,20000.0
implantaciÃģn,1,13000.0
implementa,1,30000.0
implementaciÃģn,16,19762.5
implementado,1,15000.0
implementados,2,18000.0
implementando,3,11800.0
implementar,7,20000.0
implica,1,14000.0
impliquen,1,17000.0
importaciÃģn,3,25000.0
importante,18,15416.4
importantes,4,14185.0
importar,1,16000.0
impresiÃģn,1,10000.0
impuestos,1,15000.0
impulsa,1,16000.0
impulsada,3,17944.0
impulsado,6,17944.0
impulsando,1,16000.0
impulsar,2,21499.5
impulsen,1,6276.0
impulsora,1,22600.0
incidencia,2,11500.0
incidencias,7,17299.6
incluirÃĄn,1,6276.0
inclusiÃģn,1,16000.0
incluye,3,11000.0
incluyen,1,10000.0
incluyendo,16,18266.5
incluyente,3,13733.333333333334
incorporarse,4,12500.0
incubadoraliderar,1,11000.0
incumplimientos,2,17000.0
indefinido,10,16673.5
independientemente,2,14500.0
indeterminado,10,11775.0
indica,1,16000.0
indicaciones,1,28000.0
indicacionescapacidad,1,20000.0
indicada,1,13000.0
indicadores,13,17266.666666666668
indirectas,2,21888.0
indispensable,31,15877.21052631579
indispensables,4,15013.0
indistinto,6,15025.0
individuales,1,13000.0
individuos,1,15000.0
inducciÃģn,2,11749.0
industria,28,20324.0625
industrial,60,19448.4
industrialingenierÃ­asquÃ­mico,1,6000.0
industrias,3,7366.666666666667
infantiles,2,8400.0
infecciosa,1,12500.0
infecciosos,1,10800.0
inferencial,1,20000.0
inferiores,1,13000.0
infonavit,13,19114.285714285714
informaciÃģn,34,16823.529411764706
informado,1,14000.0
informar,1,13000.0
informativo,1,18000.0
informe,3,18666.666666666668
informes,10,19787.5
informÃĄtica,1,15000.0
informÃĄtico,2,9000.0
infraestructura,2,30000.0
ingeneria,1,13000.0
ingenieria,2,17000.0
ingeniero,27,20057.071428571428
ingenieros,3,21749.5
ingenierÃ­a,30,17557.722222222223
ingenierÃ­as,2,13050.0
ingles,3,18200.0
inglÃĐs,16,25499.0
inglÃĐsactividadesejecutar,1,20000.0
ingredientes,2,29000.0
ingresadas,2,35000.0
ingreso,12,13752.888888888889
inhalables,2,12000.0
inherentes,3,15000.0
inicial,2,13250.0
iniciando,2,11500.0
iniciar,1,16800.0
iniciativa,4,12333.333333333334
iniciativas,1,44000.0
inicio,1,15600.0
inmediaciones,1,10000.0
inmediata,4,11925.0
inmediataatenciÃģn;,1,15000.0
inmediatacontar,1,6000.0
inmediatas,1,13000.0
inmediato,1,13000.0
inmersiones,1,12600.0
inmuebles,1,50000.0
inmunodeficiencia,5,12535.2
inmunologÃ­a,19,14741.111111111111
innovaciÃģn,10,18750.0
innovador,2,6050.0
innovadora,4,9500.0
innovar,1,32999.0
inocuidad,13,22485.714285714286
inocuidadbuenas,1,11000.0
inocuidadÂŋquÃĐ,1,12000.0
inquebrantable,1,20000.0
inscrito,1,10000.0
inspeccionar,2,9300.0
inspecciones,4,13000.0
inspecciÃģn,7,14333.333333333334
inspector,5,11333.333333333334
inspectores,1,10000.0
inspirar,2,19999.5
instalaciones,9,18519.333333333332
instalaciÃģn,3,27799.5
instalada,1,10000.0
institucional,1,10000.0
institucionales,3,18600.0
institucionalidad,1,22600.0
instituciones,3,24500.0
instituciÃģn,16,11371.42857142857
instrucciones,5,12666.666666666666
instructivos,1,17039.0
instructor/a,2,8400.0
instructor/instructora,1,16800.0
instructores,1,15000.0
instrumentaciÃģn,3,17933.333333333332
instrumental,2,18519.5
instrumentales,1,11000.0
instrumentos,7,13194.0
insumo,1,13000.0
insumos,23,17681.35714285714
insumos/reactivos,2,14499.5
integrado,1,17000.0
integrados,4,14962.666666666666
integral,2,13500.0
integrales,3,28066.666666666668
integralmente,1,14200.0
integralquien,1,18000.0
integrante,1,18600.0
integrarte,1,13000.0
integrate,1,4000.0
integridad,11,14925.0
inteligencias,1,28000.0
inteligente,1,14200.0
interacciÃģn,1,12600.0
interactuar,3,35000.0
interbancarios,1,18600.0
intercambiar,1,35000.0
interdepartamentalapoyar,1,17000.0
interesa,2,11500.0
interesada,1,15600.0
interesadas,2,20000.0
interesadasdesarrollo,1,20000.0
interesado,7,11549.42857142857
interesado/a,2,19200.0
interesados,9,14201.5
interior,2,24000.0
intermedia,1,12000.0
intermedia/avanzada,1,20000.0
intermedias,1,18600.0
intermedio,19,20389.428571428572
intermedios,2,17819.5
intermerk,2,16000.0
interna,7,13412.8
internacional,3,12266.666666666666
internacionales,7,23000.0
internamente,1,9200.0
internas,21,17383.0
internet,1,10000.0
interno,6,19000.0
internos,7,14560.0
interpersonales,1,28000.0
interpretacion,1,13000.0
interpretaciones,1,28000.0
interpretaciÃģn,4,18182.0
interpretar,2,10000.0
interÃĐs,5,13600.0
intramuros,2,9599.0
invasiÃģn,6,40000.0
invasiÃģnÂŋquÃĐ,1,40000.0
inventario,11,16278.111111111111
inventarios,19,16886.4
inversa,1,12000.0
investigaciones,2,20000.0
investigaciÃģn,7,16866.666666666668
investigadores,1,18000.0
invita,1,39000.0
invitamos,11,15766.5
involucrada,1,22600.0
irapuato,6,14100.0
irrigaciÃģn,2,6050.0
ishikawa,1,20000.0
ishkawas,1,13000.0
issste,1,40000.0
iztapalapa,2,10500.0
jalisco,8,15220.0
jardinerÃ­a,1,15000.0
jennings,2,28000.0
jornada,6,10700.0
juarez,1,11000.0
juchitan,1,12000.0
juchitÃĄn,1,12000.0
juegos,1,18600.0
jueves,5,26700.0
juicio,1,18600.0
juntos,5,17275.0
jurÃ­dica,2,11700.0
justificado,1,9000.0
kaizen,1,44000.0
kosher,1,44000.0
labora,1,9000.0
laboral,36,16248.2
laborales,4,9525.0
laboralvales,1,11000.0
laboralÂĄmuchas,1,12000.0
laborando,1,9000.0
laborar,20,15065.8
laborarles,1,18600.0
laborarÃĄs,1,14200.0
laboratorio,195,16664.653846153848
laboratorio4,1,12000.0
laboratorioasegurar,1,11000.0
laboratorios,17,14004.25
laboratorista,11,10892.5
labores,3,10666.666666666666
lagunas,1,20000.0
lanzamiento,1,20000.0
lavado,3,9500.0
lealtad,2,16100.0
lectura,1,20000.0
legales,4,20375.0
legislaciones,1,9200.0
legislaciÃģn,5,35666.666666666664
lejanas,6,14100.0
lengua,1,8400.0
levantamiento,3,15900.0
levantar,1,10000.0
leyaguinaldo,1,15000.0
leycapacitaciÃģn,1,14000.0
leydescuentos,2,37500.0
leyfondo,2,37500.0
leyprestaciones,2,37500.0
leysueldo,1,23000.0
lgeepa,1,32000.0
liberaciÃģn,6,15800.0
liberada,1,14000.0
libres,11,12395.0
libros,2,15750.0
licencia,11,15350.0
licenciado,4,13125.0
licenciatura,53,17680.090909090908
licitaciones,7,28333.333333333332
licitatorio,1,15000.0
licitatorios,1,15000.0
liderar,3,32333.0
liderazgo,14,22408.909090909092
liderazgoofrecemos,1,30000.0
liderear,1,15000.0
lideres,1,8600.0
liliam,1,15000.0
limitativo,1,20000.0
limpia,1,13000.0
limpieza,21,12196.0
limpiezaconocimientos,1,14000.0
lincoln,1,9000.0
lineamientos,3,36200.0
lingÃžÃ­sticas,1,10000.0
liquidas,1,13000.0
listados,1,10000.0
llamadas,3,13000.0
llamativo,1,18000.0
llegada,1,9000.0
llegan,1,8600.0
llegar,1,8364.0
llegue,1,15000.0
lleguen,1,15000.0
llenado,13,14162.5
llenar,3,16600.0
llevadas,1,35000.0
llevar,17,15087.636363636364
lleven,1,40000.0
locales/regionales,2,21888.0
localizador,1,11500.0
lograr,1,14000.0
logros,2,18500.0
logÃ­stica,27,21515.666666666668
logÃ­sticas,6,21962.666666666668
lotear,1,8400.0
lubricantes,1,22000.0
lugares,1,16000.0
lÃ­deres,1,22600.0
lÃ­neas,8,19200.0
lÃ­quidos,5,19500.0
madero,2,24500.0
madres,2,13000.0
maestros,1,50000.0
maestrÃ­a,2,29500.0
maltrato,1,15000.0
mandanos,1,13000.0
mandar,1,13000.0
maneja,1,15600.0
manejados,2,16999.0
manejando,2,10000.0
manejar,9,14387.5
manejarÃĄs,1,14200.0
manejas,1,13000.0
manejo,147,16348.95
manejos,1,20000.0
manera,16,15384.888888888889
manipulaciÃģn,2,12000.0
mantener,35,16912.4375
mantenerse,4,13200.0
mantenimiento,31,18994.277777777777
mantenimientos,2,14499.5
mantiene,1,16000.0
manual,4,24666.666666666668
manuales,10,13875.0
manualmente,1,8400.0
manuel,1,14100.0
manufactura,19,20979.9
manufacturasistema,1,11000.0
manufacturing,3,31000.0
mapeos,1,13000.0
maquinaria,1,50000.0
maquinas,1,11000.0
marbetes,2,21888.0
marcar,1,11500.0
marcas,1,13000.0
marcha,2,13000.0
margen,2,30000.0
mariano,1,12000.0
marina,1,12600.0
marinas,3,12600.0
marinos,3,8233.333333333334
marketing,1,18000.0
masculino,2,10000.0
masshunter,1,28000.0
matemÃĄticas,1,20000.0
matemÃĄticos,1,22600.0
mateosÂŧ,1,15000.0
materia,14,19488.777777777777
material,19,16220.5
materiales,13,16254.875
materias,11,15785.833333333334
matlab,1,22600.0
matrices,1,28000.0
matriz,1,15000.0
matutino,5,12266.0
maxicarne,1,22600.0
maximo,1,10000.0
mayores,15,19926.0
mayorescontrato,1,14000.0
maÃąana,7,10188.0
maÃąanas,2,16800.0
mecatrÃģnica,1,32999.0
mecÃĄnica,2,31499.5
mecÃĄnicos,1,17000.0
mediante,12,15774.875
medica,1,8364.0
medicamento,6,15374.5
medicamentos,39,16035.0
medicamentoscontrol,1,15000.0
medicina,1,14000.0
mediciones,1,16000.0
mediciÃģn,9,16058.0
medico,2,28444.0
medicos,2,21888.0
medidas,2,22500.0
medio5,1,12000.0
medioambiente,1,32999.0
medios,3,12400.0
mejora,20,20719.571428571428
mejoramiento,2,16500.0
mejorar,9,12366.666666666666
mejoras,5,14333.333333333334
mejores,2,17000.0
membresÃ­a,1,14200.0
mencionadas,2,14499.5
mencionado,1,35000.0
menores,2,22500.0
mensajerÃ­as,1,10000.0
mensajes,2,13000.0
mensual,38,17998.714285714286
mensual+,7,14500.0
mensuales,32,19764.0
mensualmente,2,12500.0
mentalidad,1,10000.0
mercado,14,16089.8
mercancÃ­a,5,15866.666666666666
mercancÃ­as,1,11500.0
merida,1,11000.0
mermasconocimiento,1,15000.0
meseshorario,1,9000.0
metales,1,20000.0
metalurgia,2,6050.0
metalÃšrgica,4,6050.0
metepec,1,8400.0
meticuloso,2,21750.0
metodologÃ­a,7,15509.75
metodologÃ­as,8,22766.666666666668
metÃģdico,2,10000.0
mexicana,14,21514.0
mexicanas,6,13840.75
mexicanos,4,15296.0
mezclado,1,22000.0
michin,1,9000.0
microbiologo,1,8800.0
microbiologÃ­a,21,16047.0
microbiologÃ­arequisitos,1,11000.0
microbiolÃģgicas,3,15800.0
microbiolÃģgico,1,15800.0
microbiolÃģgicos,3,9682.0
microsoft,9,15799.857142857143
micrÃģmetro,1,11000.0
miembros,1,13000.0
migratoria,1,8400.0
miguel,2,30000.0
mineral,3,13000.0
minimo,1,16000.0
minitab,1,22600.0
minolta,1,10500.0
mision,2,13500.0
misiÃģn,4,19749.75
mismas,1,14000.0
mismos,3,12200.0
mitigar,1,17000.0
mitras,1,9000.0
mobiliario,1,35000.0
modalidad,12,14700.0
modelo,2,18600.0
modificaciÃģn,1,32999.0
modificar,1,20000.0
molinito,1,9570.0
molinos,2,18000.0
molÃĐcula,1,10000.0
momento,3,22000.0
monitoreando,2,14000.0
monitorear,4,19009.75
monitoreo,7,16540.0
monitoreos,2,13000.0
montacargas,1,15000.0
montacarguista,2,14000.0
monterrey,5,13456.666666666666
monterreyrango,1,18000.0
morelia,2,14100.0
morelos,1,13000.0
morosidad,2,18600.0
motiva,1,9000.0
motivaciÃģn,2,12000.0
motivan,1,13000.0
motivar,1,7000.0
motivo,1,8400.0
movilidad,2,22500.0
movimientos,1,40000.0
movimientoscierre,1,15000.0
mportante,1,8000.0
muchas,1,13000.0
muestra,4,14266.666666666666
muestras,79,16181.652173913044
muestreador,2,10000.0
muestrear,1,18400.0
muestreo,8,12766.666666666666
muestreos,2,10000.0
mundial,3,17944.0
municipal,1,32000.0
mÃĄxima,2,35000.0
mÃĄximo,6,16257.6
mÃĐdica,3,13800.0
mÃĐdicas,5,29666.666666666668
mÃĐdico,11,16333.333333333334
mÃĐdicos,40,15940.260869565218
mÃĐtodos,21,16511.11111111111
mÃĐtricas,1,18600.0
mÃĐxicana,2,15000.0
mÃĐxico,18,20399.14285714286
mÃĐxicohorario,2,37500.0
mÃĐxicoÂī,2,37500.0
mÃ­nima,49,16274.75
mÃ­nimo,26,19767.533333333333
mÃ­nimos,1,8364.0
mÃģdulos,1,44000.0
mÃšltiples,3,19999.666666666668
nacional,11,19277.0
nacionales,7,17333.333333333332
nacionalidad,1,16000.0
nanotecnologÃ­a,2,10000.0
nasofarÃ­ngeas,1,13000.0
nativitas,2,11000.0
naturaleza,2,18000.0
naucalpan,2,12285.0
navidad,1,8364.0
navideÃąa,1,9570.0
necesaria,5,15080.0
necesariamente,1,12500.0
necesarias,4,12050.0
necesario,9,13245.25
necesarios,4,19200.0
necesidades,13,20280.0
necesitarÃĄs,1,13000.0
necesitas,8,25000.0
negociaciones,1,18600.0
negociaciÃģn,9,17199.875
negociados,1,18600.0
negociar,1,23000.0
negocio,10,23425.0
negocios,4,18166.666666666668
neumÃĄtica,1,32999.0
ningÃšn,2,15500.0
niveles,6,21120.0
nocivas,1,15000.0
nocturno,2,10400.0
nombre,2,23185.0
nombre],1,16000.0
nomina,1,15000.0
nominal,1,17039.0
noreste,1,15000.0
normales,1,16000.0
normalizados,6,14866.333333333334
normas,42,18397.944444444445
normativa,4,13400.0
normativas,14,22500.0
normatividad,20,17813.5
normatividades,7,16050.0
normativo,9,21819.8
normativos,4,18750.0
normativoverificar,1,17000.0
normex,5,20000.0
nosotros,13,12900.0
nosotrossolin,2,15000.0
notificar,1,13000.0
noviembre,2,12000.0
nuemero,1,11000.0
nuestra,35,15963.263157894737
nuestras,8,13439.42857142857
nuestro,67,15512.296296296296
nuestros,46,16879.166666666668
nuevamente,1,14500.0
nuevas,2,21500.0
nuevos,11,18285.714285714286
nutricional,2,18600.0
nutriciÃģn,1,22600.0
nutriÃģlogo,2,12500.0
nÃģmina,3,11500.0
nÃšmero,3,15800.0
obesidad,1,12000.0
objetivo,22,18774.833333333332
objetivos,9,22208.444444444445
obligaciones,1,18600.0
obligatorio,1,14000.0
obregÃģnhorario,1,20000.0
observaciones,1,32000.0
obtenciÃģn,1,10800.0
obtener,2,20500.0
obtenida,1,16000.0
obtenidas,1,16000.0
obtenidos,9,15733.333333333334
obviamente,2,10500.0
ocasional,1,20000.0
ocasiones,4,14000.0
oceanÃģlogo,2,6050.0
ocupacional,3,35999.5
ocurran,1,13000.0
odontÃģlogo,1,10000.0
oferta,6,16250.0
office,25,17949.071428571428
oficial,1,14500.0
oficiales,7,12360.666666666666
oficina,4,12069.0
oficinas,10,16700.0
ofimÃĄtica,2,26000.0
ofrece,7,17000.0
ofrecemos,85,15174.42857142857
ofrecen,8,17000.0
ofrecer,5,12412.8
ofrecidos,1,13000.0
ofreciendo,1,12000.0
ofrecimiento,1,18600.0
opciÃģn,4,10875.0
operacionales,1,18600.0
operaciones,7,25920.0
operaciÃģn,29,20561.30769230769
operaciÃģnactualizaciÃģn,1,11500.0
operador,4,14000.0
operadores,2,15999.0
operar,1,11000.0
operativa,4,19800.0
operativasvisitar,1,30000.0
operatividad,1,9000.0
operativo,2,22500.0
operativos,5,22700.0
operativos/corporativos,1,30000.0
opiniones,4,14100.0
oportuna,3,22866.666666666668
oportunamente,7,22166.5
oportunidad,31,15044.1875
oportunidades,20,13776.0
optimas,1,13000.0
optimizaciÃģn,3,21866.333333333332
optimizar,7,22500.0
orales,4,14000.0
ordenada,1,13000.0
ordenamiento,1,14500.0
ordenes,1,14000.0
organismos,2,23800.0
organizacional,3,24666.666666666668
organizaciones,1,8600.0
organizaciÃģn,26,16205.611111111111
organizando,1,8600.0
organizar,3,11121.333333333334
organizativas,1,7000.0
orgullo,1,18600.0
orientaciÃģn,12,16515.444444444445
orientado,1,10000.0
orientados,2,16400.0
origen,7,16733.333333333332
ortografÃ­a,1,8600.0
ortopÃĐdica,1,13000.0
ortopÃĐdicas,1,13000.0
otayhorario,1,25000.0
otorgadas,1,22600.0
otorgue,1,16000.0
outlook,1,13000.0
paciente,11,13209.857142857143
pacientes,31,13484.90909090909
pactados,1,10000.0
pagada,2,14300.0
pagadaoportunidad,1,14000.0
pagadas,4,14000.0
pagina,1,16800.0
palabra,7,13766.666666666666
pandapÃĐ,2,10000.0
papanicolaos,1,16000.0
papelerÃ­a,1,10000.0
paquete,2,12800.0
paqueteria,2,10000.0
paqueterÃ­a,13,17798.666666666668
paquetes,1,11000.0
parasitologo,3,13666.333333333334
parasitologÃ­a,18,15333.75
parasitÃģlogo,23,12427.5
parasitÃģlogo/quÃ­mico,8,14000.0
parque,6,14839.6
partero,1,10000.0
partes,1,20000.0
participa,1,10000.0
participaciÃģn,4,18819.0
participar,15,16329.8
participes,2,10000.0
partidos,1,9000.0
partir,7,15159.75
parÃĄmetros,3,26300.0
pasante,8,12460.666666666666
pasantes,1,8364.0
pasaporte,1,23000.0
pasiÃģn,7,17180.0
pasterizaciÃģn,1,30000.0
patria,1,12000.0
patrimonial,5,11399.333333333334
patrones,1,15800.0
patrÃģn,1,8364.0
patÃģgena,1,15000.0
pecuario,2,10000.0
pedagogÃ­a,1,8400.0
pedagÃģgicas,1,7000.0
pedido,1,14000.0
pedidos,18,17455.555555555555
pediÃĄtricos,2,13000.0
peligrosos,2,19400.0
penales,1,8400.0
pensiones,1,18600.0
pensum,1,11000.0
percibido,1,14500.0
perder,1,17000.0
perdidas,1,17000.0
perfil,22,17606.666666666668
perfiles,1,30000.0
periodo,4,11616.0
periodos,1,17000.0
periÃģdicamente,1,14500.0
periÃģdicas,1,15000.0
periÃģdico,1,32999.0
periÃģdicos,2,21750.0
permanencia,7,11110.857142857143
permanente,3,13121.333333333334
permiso,2,25000.0
permisos,2,13800.0
permita,2,16300.0
permitirÃĄ,3,8138.0
persona,20,14018.181818181818
personal,68,18443.8
personalizada,7,12592.5
personalizadas,1,13000.0
personas,16,17280.0
persuasiÃģn,1,8600.0
pertenecemos,1,14200.0
perteneciendo,1,13000.0
pertenencia,1,14200.0
pertinentes,8,16123.333333333334
pesados,1,20000.0
pesaje,1,13000.0
pesquero,2,6050.0
peticiÃģn,1,11500.0
petrolera,4,6050.0
petrolero,2,6050.0
pharmacopeia,1,13000.0
pielclinic,1,8600.0
pilates,1,15000.0
pingÃžinos,4,12600.0
pisadas,1,13000.0
plagas,10,15000.0
planeaciones,1,9000.0
planeaciÃģn,5,21672.8
planear,3,31333.333333333332
planes,14,21799.777777777777
planeta,1,22600.0
planificaciones,1,11000.0
planificaciÃģn,2,24750.0
planificadas,1,18600.0
planificar,2,11000.0
planta,22,17441.909090909092
plantaciones,4,15000.0
plantaciÃģn,4,15000.0
plantas,3,10833.333333333334
planteamiento,1,18600.0
plantear,1,15000.0
plantillas,2,13000.0
plataforma,2,16000.0
plazohorario,1,15000.0
plazos,2,26000.0
plenamente,1,13000.0
plomerÃ­a,1,12000.0
plÃĄstico,2,11000.0
plÃĄsticos,1,10000.0
plÃĄticas,1,30000.0
pmbeneficios,1,15000.0
pmllama,1,20000.0
pmubicaciÃģn,1,30000.0
pmzonas,1,15000.0
poblacional,1,17000.0
poblaciones,1,17000.0
poblado,2,30000.0
podemos,1,11000.0
podrÃĄs,2,10000.0
polanco,1,8600.0
policloruro,1,11000.0
polietileno,1,11000.0
politÃĐcnico,1,10000.0
polÃ­tica,3,24466.666666666668
polÃ­ticas,8,22433.333333333332
pondremos,2,15000.0
ponemos,1,18400.0
porque,1,14200.0
portafolio,2,30000.0
portal,2,15600.0
portales,1,15600.0
posgrado,4,32000.0
posibilidades,2,13000.0
posible,2,12600.0
posibles,5,23320.0
posicionado,1,44000.0
posiciÃģn,10,14642.857142857143
positiva,4,11000.0
positivas,2,12000.0
positivo,1,18998.0
positivos,1,16000.0
postanalÃ­tica,1,30000.0
posterior,1,16000.0
posteriormente,1,13000.0
postulaciÃģn,3,12785.0
postularse,14,15320.9
postularte,1,20000.0
postulen,1,16000.0
postÃšlate,5,16699.8
potable,4,11600.0
potencial,3,17944.0
potencializa,3,17944.0
potenciomÃĐtricas,1,12000.0
potenciÃģmetro,2,15500.0
potosÃ­,3,14100.0
powerpoint,1,13000.0
practicas,4,12000.0
praticante,1,4000.0
preanalÃ­tica,1,30000.0
precios,4,12200.0
precisa,2,17800.0
precisiÃģn,6,21750.0
preciso,2,10050.0
precisos,3,24200.0
precursoras,1,25000.0
precursoresidiomasingles,1,25000.0
preferencia,7,11250.0
preferencial,1,10000.0
preferenciales,5,9925.0
preferencias,1,13000.0
preferente,4,22788.0
preferentemente,5,16080.0
preferiblemente,1,16000.0
prematuramente,1,16000.0
premio,1,30000.0
preparaciÃģn,13,14714.285714285714
preparar,1,8364.0
preparatoria,3,15000.0
prescribir,1,14200.0
prescripcion,1,13000.0
presencia,7,11512.666666666666
presencial,11,13666.666666666666
presentaciones,1,16000.0
presentaciÃģn,2,18500.0
presentar,3,16000.0
presentarse,2,12000.0
preservar,1,22600.0
presiones,4,14000.0
presiÃģn,11,16950.0
presiÃģngenerar,1,20000.0
prestaciones,111,15518.5
prestado,1,14000.0
presupuesto,6,25000.0
presupuestocumplir,1,20000.0
presupuestos,1,35000.0
prevenciones,1,14200.0
prevenir,1,10000.0
preventivas,3,21000.0
preventivasejecutar,1,20000.0
preventivo,2,22500.0
preventivos/yo,2,14499.5
previa,7,14460.0
previo,1,32000.0
previsiones/cupos,1,25000.0
prevista,1,15600.0
primas,10,17687.8
primer,9,18457.14285714286
primeros,5,13679.666666666666
primordiales,1,15000.0
principales,29,19067.875
principalmente,1,17000.0
principios,3,16500.0
prioridades,1,28000.0
prioritarias,1,18000.0
priorizando,1,12000.0
privada,1,9198.0
privadas,1,40000.0
privado,3,24666.666666666668
proactiva,7,14525.0
proactividad,5,12275.0
proactivo,5,15400.0
probar,1,20000.0
problema,1,10000.0
problemas,22,17286.3
problemas6,1,12000.0
procede,1,11500.0
procedimiento,5,23999.5
procedimientos,33,16946.444444444445
procedimientoscapacidad,1,20000.0
procedimientosrealizar,1,20000.0
procesamiento,5,15127.8
procesamientos,5,14185.0
procesando,1,11000.0
procesar,3,12866.666666666666
proceso,57,17073.636363636364
procesos,70,17499.904761904763
procesosbuenas,1,15000.0
procurando,1,18000.0
producciÃģn,34,20500.0
producciÃģnbuenas,1,15000.0
producciÃģncontrol,1,15000.0
productividad,8,20100.0
productivo,4,31000.0
productivos,4,14000.0
producto,41,16553.333333333332
productollevar,1,20000.0
productos,79,19074.409090909092
productosdesarrollar,1,20000.0
productosdocumentar,1,20000.0
productosevaluar,1,20000.0
productosllevar,1,20000.0
productosrevisar,1,20000.0
produzcan,1,10000.0
profepa,1,32000.0
profesional,62,19597.88
profesionales,10,19785.571428571428
profesionalismo,1,15000.0
profesionalizar,2,28000.0
profesores,1,7000.0
profundamente,1,13000.0
profundas,1,12600.0
profundo,2,7000.0
programa,10,18066.666666666668
programaciÃģn,5,21666.333333333332
programadas,1,11500.0
programando,1,16800.0
programas,21,21116.583333333332
prohibida,5,10075.2
prohibidas,1,28000.0
prohÃ­be,1,8400.0
project,1,32999.0
prologist,1,21888.0
promocional,1,10000.0
promociones,1,10000.0
promociÃģn,3,12933.333333333334
promover,3,16100.0
promoviendo,1,7000.0
promueva,1,18600.0
promuevan,1,50000.0
promueve,1,13000.0
propductosemisiÃģn,1,18000.0
propia,1,10000.0
propio,4,12900.0
proponemos,2,35000.0
proponer,5,19250.0
proporciona,2,10000.0
proporcionado,1,18600.0
proporcionados,1,15000.0
proporcionando,1,17000.0
proporcionar,4,26900.0
propuesta,2,12500.0
propuestas,1,18600.0
propÃģsito,4,16699.75
prorrogas,1,14000.0
prospecciones,1,30000.0
prospectaciÃģn,1,14000.0
protecciÃģn,7,14120.0
proteger,4,15000.0
protegidas,1,32000.0
proteÃ­nas,1,20000.0
protocolos,18,15875.0
prototipos,1,20000.0
proveedor,2,19000.0
proveedora,1,12000.0
proveedores,19,17935.53846153846
proveedorescalendario,1,11500.0
proveedoresdocumentaciÃģn,1,14000.0
providencia,1,11000.0
provocados,1,16000.0
proyecciones,2,14499.5
proyecto,3,22758.666666666668
proyectos,21,24844.333333333332
proyectosrealizar,1,20000.0
prueba,5,12060.0
pruebas,16,19724.875
prÃĄctica,2,8500.0
prÃĄctico,1,32000.0
prÃģximos,1,16800.0
psicologÃ­a,1,8400.0
psicolÃģgica,2,18600.0
psicolÃģgico,1,15000.0
psicotrÃģpicos,1,20000.0
psicÃģlogo,1,10000.0
publicacion,4,14000.0
publicadas,1,14500.0
publicidad,1,18000.0
publico,1,16800.0
pudieran,1,9000.0
puedan,1,18600.0
pueden,1,9000.0
puedes,2,14500.0
puericultura,1,8400.0
puesto,82,17795.14814814815
puestoanÃĄlisis,1,11000.0
puestocoordinar,1,11500.0
puestoeducaciÃģn,2,12250.0
puestoel,1,8364.0
puestoescolaridad,2,12000.0
puestoestudios,1,8364.0
puestolicenciatura,1,18000.0
puestomanejo,1,18000.0
puestomuestreo,1,10000.0
puestoqfb,1,11000.0
puestorealizar,1,13000.0
puestoresponsable,1,25000.0
puestorevisar,1,13000.0
puestos,4,29450.0
puestovalidaciÃģn,1,14000.0
puntos,1,13000.0
puntual,4,14342.5
puntualidad,9,11306.5
pÃĄgina,3,10000.0
pÃĐrdida,1,18600.0
pÃĐrdidas,1,8600.0
pÃšblicas,4,24333.333333333332
pÃšblicasdocumentaciÃģn,1,15000.0
pÃšblico,1,18000.0
quejas,2,11500.0
queremos,3,12700.0
querer,1,12000.0
querÃĐtaro,3,24550.0
querÃĐtaroen,1,12000.0
quieres,5,14100.0
quimicasons,1,15600.0
quimico,20,13047.0
quincenal,5,11025.0
quincenalcaja,1,13000.0
quintana,2,12000.0
quirÃģfano,1,8364.0
quiÃĐnes,1,18600.0
quÃ­mica,108,16660.333333333332
quÃ­micaquÃ­micaqfb,2,12000.0
quÃ­micas,7,18166.666666666668
quÃ­mico,231,17432.6
quÃ­micobiolÃģgicos,7,14500.0
quÃ­micos,10,17433.222222222223
quÃ­micosnormatividad,1,25000.0
radicar,2,12600.0
radique,1,23000.0
rangos,1,16000.0
ranking,1,14200.0
rastreabilidad,3,9500.0
rastreo,1,24000.0
ratificaciÃģn,1,16000.0
reactivos,6,12959.75
reactores,1,32999.0
reafirmando,1,18600.0
realice,1,9200.0
realicen,4,15999.75
realiza,3,14833.333333333334
realizaciÃģn,7,13594.666666666666
realizada,1,13000.0
realizadas,4,13875.0
realizado,4,16600.0
realizados,4,14250.0
realizamos,1,18000.0
realizando,5,13399.4
realizar,63,14030.826086956522
realizarÃĄn,1,32999.0
realizarÃĄs,2,12100.0
realizarÃĐ,2,10000.0
realizarÃ­as,2,35000.0
recepcion,1,10000.0
recepcionista,1,9000.0
recepciÃģn,18,13117.0
receso,1,16800.0
receta,1,15000.0
recetadas,1,8600.0
recetados,1,8600.0
recetas,1,9000.0
rechaza,1,13000.0
rechazado,1,11000.0
rechazar,1,13000.0
rechazo,4,13749.75
reciba,1,9000.0
reciban,1,11000.0
recibe,1,16000.0
recibidas,1,13000.0
recibidos,2,12250.0
recibir,6,12780.0
recibo,1,13000.0
recien,1,13000.0
reciente,2,9000.0
recinto,1,9000.0
reciÃĐn,4,11733.333333333334
reclamos,1,11000.0
reclutamiento,2,15300.0
reclutapro,2,10000.0
reclutar,1,8498.0
recoger,1,13000.0
recolecciÃģn,4,17600.0
recolectando,1,16000.0
recomendamos,1,16800.0
recomendar,1,16000.0
reconoce,1,18998.0
reconocida,2,15500.0
reconocidos,1,22600.0
recopilar,1,16000.0
recorridos,4,13695.333333333334
recuerda,1,25000.0
recuperaciÃģn,5,17866.666666666668
recurrentes,1,32999.0
recursos,7,18327.166666666668
redacciÃģn,1,28000.0
redactando,1,16000.0
reducciÃģn,2,31000.0
refacciones,2,26300.0
referencia,3,22185.0
referentes,3,26600.0
refiere,1,8600.0
reforestaciÃģn,1,15000.0
refresquero,1,11000.0
refrigerados,1,14500.0
regional,1,18600.0
regionales,2,16000.0
registrando,2,16000.0
registrar,1,8600.0
registro,15,15677.777777777777
registros,10,13812.25
regiÃģn,7,23050.0
reglamentaciones,1,14500.0
reglamentarios,1,18000.0
reglamento,2,14250.0
reglamentos,4,17500.0
reglas,2,28000.0
regulaciones,1,18600.0
regulaciÃģn,11,23944.222222222223
regulados,4,15000.0
regulatoria,1,8600.0
regulatoriaofrecemosprestaciones,1,25000.0
regulatorias,2,17000.0
regulatorio,1,15000.0
regulatorios,20,22508.6
regulatoriosrequisitos,2,37500.0
rehabilitaciÃģn,1,16800.0
relacionada,3,14666.666666666666
relacionadas,10,16157.142857142857
relacionado,3,19333.333333333332
relacionados,7,13700.0
relaciones,4,17650.0
relativa,2,12250.0
relevante,1,17000.0
religiÃģn,5,13100.0
rellenos,1,8600.0
remitidas,2,9000.0
rendimientos,2,40000.0
renovaciones,1,14200.0
reolÃģgicos,1,18400.0
reparaciones,1,32999.0
reparaciÃģn,3,23000.0
repartir,1,8364.0
reparto,1,16000.0
reporta,2,23000.0
reportada,1,16000.0
reportado,1,13000.0
reportando,1,16000.0
reportar,10,17833.0
reporte,11,14822.111111111111
reportes,35,14756.047619047618
reposiciÃģn,1,22600.0
representante,2,11500.0
representativas,3,15900.0
reproductivos,1,17000.0
republica,2,15000.0
reputacionales,1,18600.0
repÃšblica,9,17333.0
requerida,3,13500.0
requeridas,2,14000.0
requerido,7,24006.333333333332
requeridos,8,16420.0
requerimientos,7,21731.333333333332
requerimientosestablecidos,1,18000.0
requiera,1,20000.0
requieran,2,24000.0
requiere,9,13300.0
requisiciones,1,17039.0
requisito,5,10075.2
requisitos,117,17891.071428571428
resaltando,1,7000.0
resaltar,1,13000.0
rescate,3,31000.0
resguardar,1,13000.0
resguardo,1,17000.0
residencia,1,8364.0
residentes,1,15000.0
residual,3,11400.0
residuos,6,18760.0
resistencia,1,15800.0
resoluciones,2,10000.0
resoluciÃģn,12,18024.875
resolver,1,40000.0
respaldan,1,13000.0
respectivo,1,16000.0
respecto,3,14200.0
respectos,1,35000.0
respetamos,1,16000.0
respetar,2,32250.0
respeten,1,25000.0
respeto,8,16948.0
responsabilidad,12,15183.0
responsabilidades,33,14402.111111111111
responsabilidadesdar,1,15000.0
responsabilidadesrevisar,1,20000.0
responsable,59,18664.3
responsables,4,14533.333333333334
responsiva+,1,13000.0
respuesta,5,11182.0
restauraciÃģn,1,18000.0
restaurante,1,39000.0
restaurantes,1,10000.0
resultado,1,18600.0
resultados,59,17181.3
retail,2,15600.0
retardos,1,9000.0
retenciÃģn,1,11000.0
retiro,4,16024.5
retiros,1,11500.0
retroalimentaciÃģn,3,15300.0
reubicaciÃģn,2,23500.0
reuniones,2,11500.0
revalidaciones,3,20000.0
revalidaciÃģn,1,20000.0
revisa,1,16000.0
revisando,1,16000.0
revisar,9,16214.0
revision,1,13000.0
revisiones,2,12099.0
revisiÃģn,8,12577.6
riesgo,1,20000.0
riesgos,11,27259.8
rigurosa,2,10000.0
rincÃģn,1,14100.0
rivera,1,20000.0
robles,1,13000.0
rolado,1,10000.0
rolados,2,9200.0
romita,1,14100.0
rotaciones,1,40000.0
rotaciÃģn,5,32000.0
rotativos,1,32999.0
rÃĄpida,1,8364.0
sabado,4,12750.0
sabados,1,12000.0
sabores,2,29000.0
saiens,1,12000.0
salada,2,12600.0
salarial,2,14000.0
salariales,2,15999.0
salario,16,18045.363636363636
salida,1,8600.0
salidas,2,10500.0
salinas,2,10000.0
salsas,1,44000.0
salud;,1,20000.0
saludables,1,12000.0
salvaguardando,1,10000.0
salvatierra,1,14100.0
sanatorio,1,11000.0
sanciones,1,18600.0
sangre,7,24625.0
sanguÃ­neas,6,12142.5
sanguÃ­neos,2,12500.0
sanitaria,29,20421.833333333332
sanitaria/quÃ­mico,8,14000.0
sanitarias,20,16300.0
sanitario,26,16332.166666666666
sanitario+,1,15000.0
sanitario/a,6,14100.0
sanitarioescolaridad,1,17000.0
sanitarios,8,13766.333333333334
sanitizaciÃģn,2,13500.0
santillÃĄn,1,35000.0
satisfacciÃģn,4,17666.666666666668
satisfacen,1,20000.0
satisfacer,4,22800.0
satisfactoria,1,14000.0
satisfactorias,1,12000.0
satÃĐlite,1,15000.0
scientific,5,12000.0
secadores,2,32999.0
seccion,1,12000.0
secretarÃ­as,1,40000.0
secundaria,5,11599.0
secundario,1,15000.0
segregaciÃģn,1,15000.0
seguimiento,42,16861.11111111111
seguimientos,2,11250.0
seguir,2,14182.0
seguridad,49,18241.842105263157
seguridadcolaborar,1,20000.0
seguro,55,18548.82608695652
seguros,1,44000.0
seleccionado,1,13500.0
selecciÃģn,4,13100.0
semaforizaciÃģn,1,8364.0
semaforizar,1,8364.0
semana,26,10177.153846153846
semanal,3,15166.666666666666
semanal/mensual,1,22000.0
semanales,5,12833.333333333334
semanalmente,1,35000.0
semarnat,2,32000.0
semestre,1,10000.0
semestres,3,10000.0
semiautomatizados,10,13875.0
senasica/sader,2,22600.0
sensibilidad,1,17000.0
sensibilizaciÃģn,1,18000.0
sensible,1,17000.0
sensorial,2,27500.0
sensoriales,1,35000.0
sentido,9,15372.833333333334
separaciÃģn,1,28000.0
serologÃ­a,16,13767.142857142857
servicio,34,16452.176470588234
servicios,58,17826.772727272728
servidor,1,10000.0
sesiones,1,15000.0
sexual,3,13133.333333333334
sexuales,1,13000.0
siempre,1,22600.0
sienta,1,16000.0
sigmun,1,13000.0
significa,2,13600.0
significativo,1,14000.0
siguiendo,1,15000.0
siguiente,2,12500.0
siguientes,8,13133.333333333334
silvestre,2,18000.0
silvestres,1,18000.0
similar,23,17690.571428571428
similares,4,29333.333333333332
similares;,1,15800.0
similaringles,1,23000.0
simple,1,32999.0
sinaloa,1,18600.0
sintox,1,11500.0
sistema,50,18475.764705882353
sistemas,46,15852.473684210527
situaciones,1,12600.0
situaciÃģn,3,10700.0
snacks,1,12000.0
sobrevivencia,4,15000.0
sociables,2,12000.0
social,11,12876.4
sociales,5,17533.333333333332
socialmente,1,13000.0
socios,1,14200.0
software,5,26920.0
solicita,16,13716.5
solicitada,1,15000.0
solicitadas,3,12300.0
solicitados,4,9866.666666666666
solicitamos,8,11980.57142857143
solicitan,2,6050.0
solicitando,1,16000.0
solicitar,4,15999.75
solicite,2,17000.0
solicitud,14,12597.333333333334
solicitudes,5,24666.666666666668
solicitudesdiseÃąar,1,20000.0
solida,1,13000.0
soluciones,11,16750.14285714286
soluciÃģn,8,17160.5
sometimiento,1,14200.0
sometimientos,1,10000.0
sonrisas,1,16000.0
soportar,1,32999.0
soporte,7,23033.0
soportes,1,12600.0
sostenible,1,18000.0
sports,4,8400.0
ssa1seguridad,1,15000.0
standar,3,15900.0
states,1,13000.0
status,2,23000.0
studio,1,22600.0
suavizadores,1,12000.0
subroguen,1,10000.0
subsidiado,3,14833.333333333334
subsidiadoprestaciones,1,13000.0
subsidio,1,18600.0
sucedan,1,18600.0
sucursal,7,12500.0
sucursales,21,12420.0
sueldo,70,15936.870967741936
suficientes,3,21333.0
sujetas,1,25000.0
sujetos,2,9000.0
suministro,2,25000.0
superar,1,14200.0
superior,12,18728.571428571428
superiores,33,17368.4
superioresaguinaldo,2,37500.0
superioreslugar,2,22500.0
supermanzana,2,12000.0
supervisa,1,30000.0
supervisando,1,11000.0
supervisar,42,20972.11111111111
supervisarÃĄs,1,14000.0
supervisiones,7,14050.0
supervisiÃģn,16,14650.0
supervisor,5,23324.75
supervisores,2,17500.0
suplemento,1,18000.0
suplementos,2,16500.0
supply,1,20000.0
surgir,1,9000.0
sursueldo,1,17000.0
surtido,1,10000.0
surtir,3,15300.0
sustancias,4,21666.666666666668
sustentable,1,22600.0
sustentar,1,20000.0
sÃĄbado,18,15804.57142857143
sÃĄbados,11,14666.666666666666
sÃ­ntesis,2,28000.0
sÃģlida,6,15200.0
sÃģlidas,3,9833.333333333334
sÃģlido,3,16666.0
sÃģlidos,6,12666.666666666666
tabasco,1,11000.0
tabascorequisitos,1,11500.0
tablas,1,10000.0
tacubaya,2,10432.0
talento,19,16602.0
talentosas,1,16000.0
talleres,1,9000.0
tambiÃĐn,2,11750.0
tanque,1,13000.0
tanques,1,32999.0
tareas,4,10092.0
tarjeta,1,10000.0
tarjetas,1,18600.0
taylor,2,16800.0
tecnica,1,23000.0
tecnicas,1,23000.0
tecnico,5,9933.333333333334
tecnologÃ­a,9,20960.0
tecnologÃ­as,2,31500.0
tecnolÃģgica,1,28000.0
tecnolÃģgicos,1,28000.0
tecnovigilancia,2,15000.0
telefÃģnica,4,13800.0
telefÃģnicas,2,13000.0
telemarketing,1,14000.0
telÃĐfono,3,23666.0
temario,1,16800.0
temperatura,6,20077.2
temperaturas,2,12050.0
tendencias,4,12333.333333333334
tenemos,5,12750.0
tengan,1,14000.0
tensoactivos,1,14000.0
teorÃ­as,1,7000.0
terapia,2,14900.0
terapias,2,16800.0
tercer,1,12500.0
termina,1,10000.0
terminada,9,12866.333333333334
terminadas,1,13000.0
terminado,19,19088.88888888889
terminadoprestaciones,1,11000.0
terminados,3,24013.0
terminados;,1,13000.0
terminal,1,16370.0
terminar,1,6276.0
termohigrÃģmetros,1,11500.0
termÃģmetros,2,10250.0
testigo,1,9000.0
texcoco,2,9200.0
textil,7,9033.333333333334
textos,2,14200.0
teÃģricas,1,7000.0
tiempo,48,15988.388888888889
tiempohabilidades,1,15000.0
tiempos,3,25000.0
tiendas,2,10000.0
tienen,2,11000.0
tienes,14,14677.777777777777
tijuana,1,14000.0
tinturas,4,13000.0
titulaciones,1,12000.0
titulado,14,18636.363636363636
titulado/a,1,8400.0
tituladoexperiencia,1,11000.0
titulador,1,20000.0
titulados,2,21888.0
titular,2,32999.0
titulo,21,13327.3
tlajomulco,2,15000.0
tlalnepantla,1,39000.0
tlalpan,1,9000.0
tolerancia,7,16960.0
tolerante,1,12600.0
toluca,1,10000.0
toxicologÃ­a,6,28000.0
toxicolÃģgico,1,28000.0
toxina,1,8600.0
trabaja,1,30000.0
trabajamos,3,18866.666666666668
trabajando,3,11800.0
trabajar,21,15816.375
trabajaremos,1,13500.0
trabajarÃĄs,1,16000.0
trabaje,1,15000.0
trabajo,127,17278.048780487807
trabajofunciones,1,15000.0
trabajos,1,32000.0
traducciones,1,10000.0
traducciÃģn,1,11000.0
tramite,1,25000.0
tramites,4,27300.0
trampa,1,32000.0
transacciones,1,12000.0
transferencia,3,14500.0
transformaciÃģn,1,20000.0
transformando,1,8400.0
transformar,1,20000.0
transnacional,3,15900.0
transparente,1,25000.0
transporte,26,15165.666666666666
transportepertenecer,1,11000.0
transversal,1,44000.0
trasladarse,1,15000.0
traslado,2,8932.0
trasnportelugar,1,13000.0
tratada,1,12800.0
tratamiento,4,12149.5
tratamientos,1,15000.0
tratar,1,10000.0
travÃĐs,15,20135.272727272728
trayectoria,5,17799.4
trazabilidad,9,19571.14285714286
trazablecumplir,1,20000.0
tricromÃ­a,1,10500.0
trimestrales,2,24300.0
trunca,1,10000.0
trunco,1,8400.0
trÃĄmite,1,9200.0
trÃĄmites,14,14933.0
trÃĄnsito,1,25000.0
turistas,1,9000.0
turnos,27,12199.5
turnosÂŋquÃĐ,1,12000.0
tÃĐcnica,9,20142.85714285714
tÃĐcnicas,18,15672.5
tÃĐcnicasmanejo,1,17000.0
tÃĐcnico,27,15164.5
tÃĐcnico/cientÃ­fico,1,22600.0
tÃĐcnicos,20,21145.363636363636
tÃĐcnicosapoyo,1,15000.0
tÃĐcnicoscumplimiento,1,25000.0
tÃĐrmica,1,15800.0
tÃĐrminos,1,50000.0
tÃ­tulo,36,13966.681818181818
tÃģxicos,1,10000.0
ubicaciones,2,10000.0
ubicaciÃģn,25,16423.9
ubicado,1,16370.0
unicamente,2,9500.0
unidad,2,12750.0
unidades,9,19760.0
unidos,4,15296.0
uniforme,2,9582.0
uniformes,25,12333.733333333334
unirse,11,13797.5
unirte,2,13850.0
unitarios,1,50000.0
united,1,13000.0
universidad,3,11500.0
universidades,3,8500.0
universitario,2,10000.0
universitarios,2,10750.0
uplcÂīs,1,17039.0
urbana,1,32000.0
uretrales,1,10000.0
urgencia,2,15019.5
uroanÃĄlisis,17,17733.75
uruapan,2,14100.0
usamos,1,18600.0
usuarios,2,9000.0
utilidad,1,30000.0
utilidades,3,13333.333333333334
utilizadas,3,13999.666666666666
utilizado,2,12500.0
utilizando,1,15000.0
utilizar,1,35000.0
utilizarse,1,18400.0
vacacional,15,18048.454545454544
vacaciones,27,15171.533333333333
vacante,13,17374.333333333332
vacantes,1,15000.0
vaciando,1,16000.0
vaginales,1,10000.0
valida,1,30000.0
validaciones,4,17500.0
validaciÃģn,23,16949.875
validado,1,14000.0
validar,6,21713.6
vallejo,1,15000.0
valoramos,9,14799.714285714286
valores,10,18898.285714285714
vancante,1,8300.0
vanguardia,1,18600.0
variaciones,1,14200.0
vegetal,3,13000.0
vehÃ­culo,3,17666.666666666668
veintitrÃĐs,1,15600.0
vencida,2,24300.0
vencimiento,1,10000.0
vendedor,1,9000.0
vender,1,8600.0
ventaja,3,17944.0
ventas,20,18966.666666666668
ventascomunicar,1,20000.0
ventasconozca,2,23000.0
ventaspuesto,1,30000.0
veracruz,1,11000.0
verdadero,1,15000.0
verdaderos,1,20000.0
verifica,1,16000.0
verificacion,1,13000.0
verificaciones,7,15375.0
verificaciÃģn,25,16671.636363636364
verificando,4,16000.0
verificar,13,14787.25
versiones,2,17000.0
verÃ­dica,1,15000.0
vespertino,5,11533.333333333334
veterinaria,1,15000.0
veterinarios,1,18000.0
viajar,19,17700.0
viajes,3,10000.0
vidaseguro,1,14000.0
viernes,59,19181.333333333332
viernespostÃšlate,1,25000.0
viernesvisa,1,23000.0
vigencia,1,15000.0
vigente,25,17674.214285714286
vigentes,4,21750.0
vigilancia,1,10000.0
vigilar,2,26750.0
violencia,1,15000.0
viscosidad,1,10500.0
visible,1,11500.0
visita,4,13275.0
visitantes,2,11300.0
visitar,1,16800.0
visitas,10,14228.57142857143
visiÃģn,4,14333.333333333334
visualizar,1,16800.0
vivimos,1,8400.0
viÃĄticos,8,12050.0
volumetrÃ­a,1,17039.0
volumÃĐtrico,1,9000.0
vuelta,6,14100.0
vuelve,2,12500.0
vÃĄlidos,1,35000.0
wellhub,1,15000.0
wellness,1,8400.0
westgard,2,28000.0
whatsapp,3,12000.0
xochimilco,1,6276.0
yuriria,1,14100.0
zapopan,8,15509.75
zaragoza,1,12000.0
zavaleta,1,4000.0
zootecnista,1,10000.0
zuÃąiga,2,15000.0
ÂĄaplica,1,16000.0
ÂĄconstruye,1,10000.0
ÂĄempresa,3,15900.0
ÂĄesperamos,4,11319.0
ÂĄimportante,1,14999.0
ÂĄinteresados,1,14500.0
ÂĄintÃĐgrate,1,16000.0
ÂĄpostÃšlate,4,14000.0
ÂĄqueremos,1,9000.0
ÂĄsÃšmate,2,12500.0
ÂĄÂĄÂĄÂĄÂĄÂĄÂĄsÃĐ,1,6100.0
ÂĄÃĐxito,1,13000.0
ÂĄÃšnete,15,13782.6
ÂŋcuÃĄles,1,12000.0
ÂŋdÃģnde,1,14200.0
Âŋlisto,1,16000.0
ÂŋquiÃĐnes,1,9000.0
ÃĄlvaro,1,20000.0
ÃĄmbito,1,7000.0
ÃĄrboles,1,11500.0
ÃĄreagestionar,1,17000.0
ÃĄreaquÃ­mico,1,30000.0
ÃĐtnico,4,13100.0
Ã­ndices,2,34300.0
Ã­ntegra,1,20000.0
Ãģpticas,1,10000.0
Ãģptimas,5,20333.333333333332
Ãģptimos,1,50000.0
Ãģrdenes,2,18000.0
Ãģsmosis,1,12000.0
Ãšltima,6,14500.0
Ãšltimas,1,7000.0
Ãšltimos,4,10000.0
Ãšnicamente,3,10788.0
Ãšnicos,1,15000.0
âespecialista,1,39000.0
ïŧŋïŧŋcortesÃ­as,1,9000.0
ïŧŋïŧŋhorario,1,9000.0
ïŧŋïŧŋpara,1,9000.0
ïŧŋïŧŋuniforme,1,9000.0
